ACP1,HAAP,,,,,,,,,,,,,,,,,,
ACVR1,ACTRI,ACVR1A,ACVRLK2,ALK2,FOP,SKR1,TSRI,,,,,,,,,,,,
ANGPTL1,ANG3,ANGPT3,ARP1,AngY,UNQ162,dJ595C2.2,,,,,,,,,,,,,
ARID1A,B120,BAF250,BAF250a,BM029,C1orf4,ELD,MRD14,OSA1,P270,SMARCF1,hELD,hOSA1,,,,,,,
ARID1B,6A3-5,BAF250B,BRIGHT,DAN15,ELD/OSA1,MRD12,OSA2,P250R,,,,,,,,,,,
ASNS,ASNSD,TS11,,,,,,,,,,,,,,,,,
B2M,,,,,,,,,,,,,,,,,,,
BCL2,Bcl-2,PPP1R50,,,,,,,,,,,,,,,,,
BCL2L11,BAM,BIM,BOD,,,,,,,,,,,,,,,,
BCORL1,BCoR-L1,CXorf10,,,,,,,,,,,,,,,,,
BTG1,,,,,,,,,,,,,,,,,,,
CBR3,HEL-S-25,SDR21C2,hCBR3,,,,,,,,,,,,,,,,
CD19,B4,CVID3,,,,,,,,,,,,,,,,,
CDC27,ANAPC3,APC3,CDC27Hs,D0S1430E,D17S978E,HNUC,NUC2,,,,,,,,,,,,
CDK7,CAK1,CDKN7,HCAK,MO15,STK1,p39MO15,,,,,,,,,,,,,
CDK9,C-2k,CDC2L4,CTK1,PITALRE,TAK,,,,,,,,,,,,,,
CIC,,,,,,,,,,,,,,,,,,,
CRLF2,CRL2,CRLF2Y,TSLPR,,,,,,,,,,,,,,,,
CRX,CORD2,CRD,LCA7,OTX3,,,,,,,,,,,,,,,
CXCR4,CD184,D2S201E,FB22,HM89,HSY3RR,LAP-3,LAP3,LCR1,LESTR,NPY3R,NPYR,NPYRL,NPYY3R,WHIM,,,,,
DDIT3,CEBPZ,CHOP,CHOP-10,CHOP10,GADD153,,,,,,,,,,,,,,
DDX41,ABS,,,,,,,,,,,,,,,,,,
DUSP22,JKAP,JSP-1,JSP1,LMW-DSP2,LMWDSP2,MKP-x,MKPX,VHX,,,,,,,,,,,
EBF1,COE1,EBF,O/E-1,OLF1,,,,,,,,,,,,,,,
EED,HEED,WAIT1,,,,,,,,,,,,,,,,,
EPHA2,ARCC2,CTPA,CTPP1,CTRCT6,ECK,,,,,,,,,,,,,,
EPOR,EPO-R,,,,,,,,,,,,,,,,,,
ETS1,ETS-1,EWSR2,,,,,,,,,,,,,,,,,
EWSR1,EWS,bK984G1.4,,,,,,,,,,,,,,,,,
FOXO1,FKH1,FKHR,FOXO1A,,,,,,,,,,,,,,,,
FOXR2,FOXN6,,,,,,,,,,,,,,,,,,
FUS,ALS6,ETM4,FUS1,HNRNPP2,POMP75,TLS,,,,,,,,,,,,,
GFI1,GFI-1,GFI1A,SCN2,ZNF163,,,,,,,,,,,,,,,
GLTSCR1,,,,,,,,,,,,,,,,,,,
GLTSCR2,PICT-1,PICT1,,,,,,,,,,,,,,,,,
H3F3A,H3.3A,H3F3,,,,,,,,,,,,,,,,,
HAS3,,,,,,,,,,,,,,,,,,,
HEY1,BHLHb31,CHF2,HERP2,HESR1,HRT-1,OAF1,hHRT1,,,,,,,,,,,,
HMGA2,BABL,HMGI-C,HMGIC,LIPO,STQTL9,,,,,,,,,,,,,,
ID3,HEIR-1,bHLHb25,,,,,,,,,,,,,,,,,
IL15,IL-15,,,,,,,,,,,,,,,,,,
IL3,IL-3,MCGF,MULTI-CSF,,,,,,,,,,,,,,,,
IL7R,CD127,CDW127,IL-7R-alpha,IL7RA,ILRA,,,,,,,,,,,,,,
IRF4,LSIRF,MUM1,NF-EM5,,,,,,,,,,,,,,,,
KMT2C,HALR,MLL3,,,,,,,,,,,,,,,,,
KMT2D,AAD10,ALR,CAGL114,KABUK1,KMS,MLL2,MLL4,TNRC21,,,,,,,,,,,
LYL1,bHLHa18,,,,,,,,,,,,,,,,,,
MAN2B1,LAMAN,MANB,,,,,,,,,,,,,,,,,
MEGF6,EGFL3,,,,,,,,,,,,,,,,,,
MKL1,BSAC,MAL,MRTF-A,,,,,,,,,,,,,,,,
MN1,MGCR,MGCR1,MGCR1-PEN,dJ353E16.2,,,,,,,,,,,,,,,
MYB,Cmyb,c-myb,c-myb_CDS,efg,,,,,,,,,,,,,,,
MYH11,AAT4,FAA4,SMHC,SMMHC,,,,,,,,,,,,,,,
MYH9,BDPLT6,DFNA17,EPSTS,FTNS,MHA,NMHC-II-A,NMMHC-IIA,NMMHCA,,,,,,,,,,,
MYOD1,MYF3,MYOD,PUM,bHLHc1,,,,,,,,,,,,,,,
NCOR1,N-CoR,N-CoR1,TRAC1,hN-CoR,,,,,,,,,,,,,,,
NR3C1,GCCR,GCR,GR,GRL,,,,,,,,,,,,,,,
NT5C2,GMP,NT5B,PNT5,SPG45,SPG65,cN-II,,,,,,,,,,,,,
NUDT15,MTH2,,,,,,,,,,,,,,,,,,
NUP214,CAIN,CAN,D9S46E,N214,p250,,,,,,,,,,,,,,
NUP98,ADIR2,NUP196,NUP96,,,,,,,,,,,,,,,,
PAX3,CDHS,HUP2,WS1,WS3,,,,,,,,,,,,,,,
PAX7,HUP1,PAX7B,RMS2,,,,,,,,,,,,,,,,
PDE4B,DPDE4,PDE4B5,PDEIVB,,,,,,,,,,,,,,,,
PDGFB,IBGC5,PDGF-2,PDGF2,SIS,SSV,c-sis,,,,,,,,,,,,,
PLAG1,PSA,SGPA,ZNF912,,,,,,,,,,,,,,,,
PPM1D,PP2C-DELTA,WIP1,,,,,,,,,,,,,,,,,
PRPS1,ARTS,CMTX5,DFN2,DFNX1,PPRibP,PRS-I,PRSI,,,,,,,,,,,,
PTK2B,CADTK,CAKB,FADK2,FAK2,PKB,PTK,PYK2,RAFTK,,,,,,,,,,,
PYGL,GSD6,,,,,,,,,,,,,,,,,,
RARA,NR1B1,RAR,,,,,,,,,,,,,,,,,
ROR1,NTRKR1,dJ537F10.1,,,,,,,,,,,,,,,,,
RPL10,AUTSX5,DXS648,DXS648E,L10,NOV,QM,,,,,,,,,,,,,
RPL5,DBA6,L5,,,,,,,,,,,,,,,,,
RPN1,OST1,RBPH1,,,,,,,,,,,,,,,,,
SETD2,HBP231,HIF-1,HIP-1,HYPB,KMT3A,SET2,p231HBP,,,,,,,,,,,,
SF1,BBP,D11S636,MBBP,ZCCHC25,ZFM1,ZNF162,,,,,,,,,,,,,
SF3A1,PRP21,PRPF21,SAP114,SF3A120,,,,,,,,,,,,,,,
SLCO1B1,HBLRR,LST-1,LST1,OATP-C,OATP1B1,OATP2,OATPC,SLC21A6,,,,,,,,,,,
SMARCA4,BAF190,BAF190A,BRG1,MRD16,RTPS2,SNF2,SNF2L4,SNF2LB,SWI2,hSNF2b,,,,,,,,,
SRSF2,PR264,SC-35,SC35,SFRS2,SFRS2A,SRp30b,,,,,,,,,,,,,
SS18,SSXT,SYT,,,,,,,,,,,,,,,,,
TAL1,SCL,TCL5,bHLHa17,tal-1,,,,,,,,,,,,,,,
TCF3,E2A,E47,ITF1,TCF-3,VDIR,bHLHb21,,,,,,,,,,,,,
TFE3,RCCP2,RCCX1,TFEA,bHLHe33,,,,,,,,,,,,,,,
TINF2,DKCA3,TIN2,,,,,,,,,,,,,,,,,
TLX1,HOX11,TCL3,,,,,,,,,,,,,,,,,
TLX3,HOX11L2,RNX,,,,,,,,,,,,,,,,,
TP63,AIS,B(p51A),B(p51B),EEC3,KET,LMS,NBP,OFC8,RHS,SHFM4,TP53CP,TP53L,TP73L,p40,p51,p53CP,p63,p73H,p73L
TP73,P73,,,,,,,,,,,,,,,,,,
TPMT,,,,,,,,,,,,,,,,,,,
TRBV20OR9-2,,,,,,,,,,,,,,,,,,,
TSLP,,,,,,,,,,,,,,,,,,,
TTYH1,,,,,,,,,,,,,,,,,,,
U2AF2,U2AF65,,,,,,,,,,,,,,,,,,
USP6,HRP1,TRE17,TRE2,Tre-2,USP6-short,,,,,,,,,,,,,,
YAP1,YAP,YAP2,YAP65,YKI,,,,,,,,,,,,,,,
ZNF44,GIOT-2,KOX7,ZNF,ZNF504,ZNF55,ZNF58,,,,,,,,,,,,,
ZNF443,ZK1,,,,,,,,,,,,,,,,,,
ABL1,JTK7,p150,"c-abl oncogene 1, receptor tyrosine kinase",c-ABL,bcr/abl,ABL,ABL1,v-abl,Bcr-abl,bcr-abl,Philadelphia chromosome,Ph-positive,(Ph)-Positive,(Ph) Positive,t(9;22),t(9; 22),,,
AKT1,AKT1 kinase,RAC-ALPHA,v-akt murine thymoma viral oncogene homolog 1,RAC,AKT1,PKB-ALPHA,PRKBA,MGC99656,AKT,PKB,,,,,,,,,
ALK,anaplastic lymphoma kinase,NBLST3,CD246,ALK,TFG/ALK,anaplastic lymphoma receptor tyrosine kinase,,,,,,,,,,,,,
APC,DP2,DP2.5,APC,DP3,BTPS2,adenomatous polyposis coli,GS,,,,,,,,,,,,
ASXL1,MGC71111,ASXL1,additional sex combs like 1,MGC117280,KIAA0978,additional sex combs like 1 (Drosophila),,,,,,,,,,,,,
ATM,AT1,ATE,ATDC,FANCC,MGC74674,ATM,ATC,ataxia telangiectasia mutated,ATD,ATA,TEL1,DKFZp781A0353,11q del,11q deletion,,,,,
BAP1,FLJ35406,hucep-6,KIAA0272,FLJ37180,DKFZp686N04275,BRCA1 associated protein-1,UCHL2,HUCEP-13,BAP1,BRCA1 associated protein-1 (ubiquitin carboxy-terminal hydrolase),,,,,,,,,
BCL6,BCL5,LAZ3,ZBTB27,B-cell lymphoma 6 protein,B-cell CLL/lymphoma 6,ZNF51,BCL6,BCL6A,double-hit,double hit,triple-hit,triple hit,,,,,,,
BCOR,BCL-6 interacting corepressor,MGC71031,FLJ38041,FLJ20285,BCL6 co-repressor,MGC131961,MAA2,KIAA1575,BCOR,MCOPS2,ANOP2,,,,,,,,
BIRC3,RNF49,baculoviral IAP repeat-containing 3,MIHC,CIAP2,API2,BIRC3,AIP1,HIAP1,MALT2,HAIP1,c-IAP2,baculoviral IAP repeat-containing protein 3,,,,,,,
BRAF,MGC138284,FLJ95109,BRAF,B-Raf,B-RAF1,BRAF1,RAFB1,MGC126806,v-raf murine sarcoma viral oncogene homolog B1,,,,,,,,,,
BRCA1,IRIS,BRCA1,BRCC1,"breast cancer 1, early onset",RNF53,BROVCA1,BRCAI,PSCP,BRCA1/2,BRCA,BRCA1 and 2,,,,,,,,
BRCA2,FAD,FANCD1,BROVCA2,GLM3,"breast cancer 2, early onset",FANCB,BRCA2,FANCD,BRCC2,FACD,FAD1,BRCA1/2,BRCA,BRCA1 and 2,,,,,
CALR,FLJ26680,RO,CRT,SSA,cC1qR,CALR,calreticulin,,,,,,,,,,,,
CARD11,CARMA1,MGC133069,BIMP3,CARD11,"caspase recruitment domain family, member 11",,,,,,,,,,,,,,
CBL,CBL,Cas-Br-M (murine) ecotropic retroviral transforming sequence,C-CBL,RNF55,CBL2,,,,,,,,,,,,,,
CD79A,CD79A antigen,CD274,CD79A,IGA,"CD79a molecule, immunoglobulin-associated alpha",CD79a/b,CD79 a/b,CD79a,,,,,,,,,,,
CD79B,IGB,CD79B,B29,"CD79b molecule, immunoglobulin-associated beta",CD79B antigen,CD79a/b,CD79 a/b,CD79b,,,,,,,,,,,
CDH1,UVO,Arc-1,"cadherin 1, type 1, E-cadherin (epithelial)","cadherin 1, type 1",LCAM,CDHE,CDH1,CD324,ECAD,,,,,,,,,,
CDK4,PSK-J3,MGC14458,cyclin-dependent kinase 4,CMM3,CDK4,,,,,,,,,,,,,,
CDKN2A,CDK4I,p16,"cyclin-dependent kinase inhibitor 2A (melanoma, p16, inhibits CDK4)",TP16,INK4a,CDKN2A,ARF,p14ARF,MTS1,MLM,p16INK4a,CDKN2,p19,p14,INK4,p16INK4,cyclin-dependent kinase inhibitor 2A,CMM2,p19Arf
CEBPA,C/EBP-alpha,"CCAAT/enhancer binding protein (C/EBP), alpha",CCAAT/enhancer binding protein alpha,CEBPA,CEBP,,,,,,,,,,,,,,
CSF1R,colony stimulating factor 1 receptor,C-FMS,CSF1R,FMS,FIM2,CSFR,CD115,,,,,,,,,,,,
CSF3R,CSF3R,colony stimulating factor 3 receptor (granulocyte),GCSFR,colony stimulating factor 3 receptor,CD114,,,,,,,,,,,,,,
CTNNB1,CTNNB,"catenin (cadherin-associated protein), beta 1, 88kDa",beta-catenin,FLJ37923,CTNNB1,DKFZp686D02253,FLJ25606,,,,,,,,,,,,
CUX1,CDP,p200,GOLIM6,Clox,CDP1,Cux/CDP,CUX1,CDP/Cut,p75,cut-like homeobox 1,p110,CUX,p100,Nbla10317,CUTL1,CASP,COY1,,
DNMT3A,DNA cytosine methyltransferase 3 alpha,DNA (cytosine-5-)-methyltransferase 3 alpha,M.HsaIIIA,DNMT3A,DNMT3A2,,,,,,,,,,,,,,
EGFR,ERBB1,ERBB,EGFR,HER1,mENA,"epidermal growth factor receptor (erythroblastic leukemia viral (v-erb-b) oncogene homolog, avian)",epidermal growth factor receptor,PIG61,EGF-R,,,,,,,,,,
EP300,p300,KAT3B,E1A binding protein p300,EP300,,,,,,,,,,,,,,,
ERBB2,ERBB2,NEU,CD340,HER-2,erbB-2,"v-erb-b2 erythroblastic leukemia viral oncogene homolog 2, neuro/glioblastoma derived oncogene homol",HER2,TKR1,NGL,HER-2/neu,Her2,her2,Triple-Negative Breast Cancer,Triple Negative Breast Cancer,TNBC,Triple negative breast cancer,triple negative breast cancer,Triple-negative breast cancer,
ERBB4,p180erbB4,MGC138404,v-erb-a erythroblastic leukemia viral oncogene homolog 4,HER4,v-erb-a erythroblastic leukemia viral oncogene homolog 4 (avian),ERBB4,,,,,,,,,,,,,
ESR1,Era,ESR1,ESR,estrogen receptor 1,ER,DKFZp686N23123,NR3A1,ESRA,estrogen receptor alpha,,,,,,,,,,
ETV6,ETV6,TEL/ABL,ets variant 6,TEL,,,,,,,,,,,,,,,
EZH2,ENX1,enhancer of zeste homolog 2 (Drosophila),MGC9169,KMT6,EZH1,enhancer of zeste 2,ENX-1,EZH2,,,,,,,,,,,
FBXW7,FBW7,DKFZp686F23254,CDC4,SEL10,FBXW7,FBXO30,FBX30,FLJ16457,SEL-10,F-box and WD repeat domain containing 7,FBXW6,FBW6,AGO,,,,,,
FGFR1,CD331,fibroblast growth factor receptor 1,FLJ99988,FLG,FGFBR,CEK,N-SAM,FLT2,KAL2,FGFR1,OGD,BFGFR,HBGFR,FGFR,,,,,
FGFR2,CFD1,TK25,FGFR2,CEK3,fibroblast growth factor receptor 2,TK14,JWS,KGFR,BFR-1,FLJ98662,CD332,BEK,K-SAM,ECT1,FGFR,,,,
FGFR3,ACH,HSFGFR3EX,CD333,FGFR3,CEK2,fibroblast growth factor receptor 3,JTK4,FGFR,t(4;14),t(4; 14),,,,,,,,,
FLT3,FLT3,FLK2,CD135,fms-related tyrosine kinase 3,STK1,,,,,,,,,,,,,,
FOXL2,PFRK,forkhead box L2,PINTO,POF3,BPES1,FOXL2,BPES,,,,,,,,,,,,
GATA1,GATA binding protein 1,GATA1,NFE1,GF-1,GF1,XLTT,ERYF1,GATA binding protein 1 (globin transcription factor 1),,,,,,,,,,,
GNA11,GNA11,GNA-11,"guanine nucleotide binding protein (G protein), alpha 11 (Gq class)",,,,,,,,,,,,,,,,
GNAQ,GAQ,GNAQ,"guanine nucleotide binding protein (G protein), q polypeptide",G-ALPHA-q,,,,,,,,,,,,,,,
GNAS,C20orf45,POH,MGC33735,GNAS1,GNAS,AHO,GPSA,PHP1A,NESP,GSP,PHP1B,GNAS complex locus,,,,,,,
HNF1A,HNF1,hepatic nuclear factor-1-alpha,MODY3,LFB1,HNF1A,TCF1,HNF1 homeobox A,,,,,,,,,,,,
HRAS,CTLO, HAMSV, HRAS1, RASH1, p21ras, C-H-RAS, H-RASIDX, C-BAS/HAS, C-HA-RAS1,,,,,,,,,,
IDH1,IDPC,PICD,IDP,IDCD,"isocitrate dehydrogenase 1 (NADP+), soluble",IDH1,IDH,IDH1/2,,,,,,,,,,,
IDH2,IDH2,mNADP-IDH,ICD-M,IDH,"isocitrate dehydrogenase 2 (NADP+), mitochondrial",IDPM,IDP,IDHM,IDH1/2,,,,,,,,,,
IKZF1,Hs.54452,IKZF1,"zinc finger protein, subfamily 1A, 1 (Ikaros)",IKAROS family zinc finger 1 (Ikaros),IKAROS,IK1,ZNFN1A1,LYF1,hIk-1,PRO0758,,,,,,,,,
JAK1,JTK3,JAK1A,Janus kinase 1,JAK1B,janus kinase 1,JAK1,JAK ,JAK1/2/3,,,,,,,,,,,
JAK2,JAK2,Janus kinase 2,JTK10,JAK ,JAK1/2/3,,,,,,,,,,,,,,
JAK3,L-JAK,JAK3_HUMAN,JAK-3,LJAK,Janus kinase 3,JAKL,JAK3,JAK,JAK1/2/3,,,,,,,,,,
KDR,KDR,VEGFR2,kinase insert domain receptor,VEGFR,FLK1,CD309,kinase insert domain receptor (a type III receptor tyrosine kinase),,,,,,,,,,,,
KIT,SCFR,c-Kit,CD117,v-kit Hardy-Zuckerman 4 feline sarcoma viral oncogene homolog,KIT,PBT,Kit,,,,,,,,,,,,
KMT2A,FLJ11783,myeloid/lymphoid or mixed-lineage leukemia protein,"myeloid/lymphoid or mixed-lineage leukemia (trithorax homolog, Drosophila)",TET1-MLL,TRX1,MLL/GAS7,HTRX1,CXXC7,ALL-1,MLL,KMT2A,MLL1A,HRX,t(4;11),t(4; 11),t(9;11),t(9; 11),,
KRAS,KRAS1,C-K-RAS,RASK2,NS3,K-RAS2A,K-RAS4A,c-K-ras2 protein,KRAS,KI-RAS,K-RAS4B,K-RAS2B,KRAS2,v-Ki-ras2 Kirsten rat sarcoma viral oncogene homolog,RAS,K-ras,K-Ras,,,
MAP2K1,mitogen-activated protein kinase kinase 1,PRKMK1,MEK1,MKK1,MAPKK1,MAP2K1,,,,,,,,,,,,,
MET,HGFR,c-Met,met proto-oncogene (hepatocyte growth factor receptor),RCCP2,MET,met proto-oncogene,AUTS9,HGF,,,,,,,,,,,
MLH1,COCA2,hMLH1,MLH1,HNPCC,FCC2,"mutL homolog 1, colon cancer, nonpolyposis type 2 (E. coli)",MutL protein homolog 1,MGC5172,HNPCC2,,,,,,,,,,
MPL,C-MPL,TPOR,MPL,CD110,MPLV,myeloproliferative leukemia virus oncogene,,,,,,,,,,,,,
MSH6,HNPCC5,mutS homolog 6,GTBP,MSH6,HSAP,mutS homolog 6 (E. coli),,,,,,,,,,,,,
MTOR,FK506 binding protein 12-rapamycin associated protein 1,FRAP1,FRAP,FLJ44809,MTOR,mechanistic target of rapamycin (serine/threonine kinase),RAPT1,RAFT1,FRAP2,,,,,,,,,,
MYC,c-Myc,myc proto-oncogene protein,MYC,bHLHe39,MRTL,v-myc myelocytomatosis viral oncogene homolog (avian),double-hit,double hit,triple-hit,triple hit,,,,,,,,,
MYD88,MYD88,MYD88D,myeloid differentiation primary response gene 88,myeloid differentiation primary response gene (88),,,,,,,,,,,,,,,
NF1,VRNF,WSS,NFNS,DKFZp686J1293,FLJ21220,NF1,neurofibromin,neurofibromin 1,,,,,,,,,,,
NOTCH1,TAN1,notch1,hN1,"Notch homolog 1, translocation-associated (Drosophila)",NOTCH1,Notch-1,,,,,,,,,,,,,
NPM1,NPM,NPM1,B23,MGC104254,nucleophosmin 1,"nucleophosmin (nucleolar phosphoprotein B23, numatrin)",,,,,,,,,,,,,
NRAS,NRAS,neuroblastoma RAS viral (v-ras) oncogene homolog,N-ras,ALPS4,NRAS1,RAS,,,,,,,,,,,,,
NSD1,SOTOS,STO,FLJ22263,FLJ10684,KMT3B,FLJ44628,DKFZp666C163,nuclear receptor binding SET domain protein 1,NSD1,ARA267,,,,,,,,,
NTRK1,DKFZp781I14186,p140-TrkA,NTRK1,MTC,"neurotrophic tyrosine kinase, receptor, type 1",TRK1,TRKA,TRK,NTRK1/2/3,NTRK,,,,,,,,,
PDGFRA,PDGFR2,platelet-derived growth factor receptor alpha,"platelet-derived growth factor receptor, alpha polypeptide",CD140A,RHEPDGFRA,MGC74795,PDGFRA,PDGFR,,,,,,,,,,,
PDGFRB,JTK12,platelet-derived growth factor receptor beta,CD140B,"platelet-derived growth factor receptor, beta polypeptide",PDGFR,PDGFRB,PDGFR1,t(5 ;12),t(5;12),t(5; 12),,,,,,,,,
PHF6,PHF6,PHD finger protein 6,MGC14797,BORJ,,,,,,,,,,,,,,,
PIK3CA,"phosphoinositide-3-kinase, catalytic, alpha polypeptide",p110-alpha,PIK3CA,PI3K,MGC142163,MGC142161,,,,,,,,,,,,,
PTCH1,HPE7,PTC1,FLJ42602,BCNS,PTC,FLJ26746,patched homolog 1 (Drosophila),patched,PTCH1,PTCH,NBCCS,PTCH11,,,,,,,
PTEN,PTEN1,10q23del,PTEN,MHAM,MGC11227,TEP1,BZS,phosphatase and tensin homolog,MMAC1,,,,,,,,,,
PTPN11,CFC,"protein tyrosine phosphatase, non-receptor type 11",PTP2C,PTP-1D,PTPN11,SH-PTP2,SHP2,SH-PTP3,NS1,BPTP3,MGC14433,,,,,,,,
RB1,p105-Rb,RB1,RB,retinoblastoma 1,OSRC,pRb,pp110,,,,,,,,,,,,
RET,HSCR1,RET-ELE1,MTC1,ret proto-oncogene,MEN2A,RET51,RET,CDHF12,PTC,MEN2B,,,,,,,,,
RHOA,ARHA,"ras homolog gene family, member A",RHOH12,ARH12,RHO12,RHOA,,,,,,,,,,,,,
ROS1,ROS1,proto-oncogene c-ros-1 protein,ROS,MCF3,c-ros-1,"c-ros oncogene 1 , receptor tyrosine kinase",,,,,,,,,,,,,
RUNX1,AML1,EVI-1,CBFA2,RUNX1,AMLCR1,AML1-EVI-1,runt-related transcription factor 1,PEBP2aB,t(8;21),t (8;21),,,,,,,,,
SETBP1,DKFZp666J1210,SETBP1,SET binding protein 1,SEB,KIAA0437,,,,,,,,,,,,,,
SF3B1,SAP155,"splicing factor 3b, subunit 1",SF3b155,PRP10,PRPF10,SF3B1,"splicing factor 3b, subunit 1, 155kDa",,,,,,,,,,,,
SFRS2,PR264,"splicing factor, arginine/serine-rich 2",SC35,SC-35,SFRS2A,SFRS2,SRp30b,,,,,,,,,,,,
SH2B3,LNK,SH2B3,SH2B adaptor protein 3,,,,,,,,,,,,,,,,
SHH,HPE3,sonic hedgehog homolog (Drosophila),TPTPS,HLP3,SMMCI,sonic hedgehog,HHG1,TPT,SHH,MCOPCB5,,,,,,,,,
SMAD4,mothers against decapentaplegic homolog 4,MADH4,JIP,SMAD family member 4,SMAD4,DPC4,,,,,,,,,,,,,
SMARCB1,RDT,Sfh1p,SNF5,INI1,hSNFS,SNF5L1,Snr1,"SWI/SNF related, matrix associated, actin dependent regulator of chromatin, subfamily b, member 1",SMARCB1,BAF47,,,,,,,,,
SMO,SMOH,SMO,smoothened homolog (Drosophila),Gx,smoothened,,,,,,,,,,,,,,
SRC,SRC1,ASV,c-SRC,proto-oncogene tyrosine-protein kinase SRC,p60-Src,SRC,v-src sarcoma (Schmidt-Ruppin A-2) viral oncogene homolog (avian),,,,,,,,,,,,
STAG2,bA517O1.1,FLJ25871,STAG2,SA2,DKFZp781H1753,DKFZp686P168,stromal antigen 2,SA-2,,,,,,,,,,,
STK11,LKB1,STK11,serine/threonine kinase 11,PJS,serine/threonine protein kinase 11,,,,,,,,,,,,,,
SUFU,suppressor of fused,SUFU,PRO1280,suppressor of fused homolog (Drosophila),SUFUXL,SUFUH,,,,,,,,,,,,,
TET1,CXXC finger 6,bA119F7.1,FLJ41442,CXXC6,KIAA1676,FLJ10839,tet oncogene 1,TET1,LCX,,,,,,,,,,
TET2,MGC125715,KIAA1546,tet oncogene family member 2,TET2,FLJ20032,,,,,,,,,,,,,,
TNFAIP3,MGC138687,MGC104522,OTUD7C,TNFA1P2,MGC138688,A20,"tumor necrosis factor, alpha-induced protein 3",TNFAIP3,,,,,,,,,,,
TNFRSF14,TR2,HVEM,"tumor necrosis factor receptor superfamily, member 14 (herpesvirus entry mediator)","tumor necrosis factor receptor superfamily, member 14",TNFRSF14,ATAR,LIGHTR,HVEA,,,,,,,,,,,
TP53,LFS1,p53,TP53,FLJ92943,tumor protein p53,TRP53,17p deletion,17p,,,,,,,,,,,
U2AF1,U2AF1,U2AF35,U2 small nuclear RNA auxillary factor 1,RNU2AF1,DKFZp313J1712,U2 small nuclear RNA auxiliary factor 1,FP793,U2AFBP,,,,,,,,,,,
VHL,von Hippel-Lindau tumor suppressor,RCA1,VHL1,HRCA1,VHL,,,,,,,,,,,,,,
WT1,GUD,WT1,AWT1,WIT-2,WAGR,Wilms tumor 1,WT33,,,,,,,,,,,,
ZRSR2,MGC142040,MGC142014,U2AF1L2,URP,U2AF1-RS2,U2 small nuclear RNA auxiliary factor 1-like 2,ZRSR2,U2AF1RS2,"zinc finger (CCCH type), RNA-binding motif and serine/arginine rich 2",,,,,,,,,,
AR,AIS,AR,DHTR,HUMARA,HYSP1,KD,NR3C4,SBMA,SMAX1,TFM,androgen receptor,,,,,,,,
PNP,FLJ94043,FLJ97288,FLJ97312,MGC117396,MGC125915,MGC125916,PNP,PRO1837,PUNP,nucleoside phosphorylase,purine nucleoside phosphorylase,,,,,,,,
TERT,EST2,TCS1,TERT,TP2,TRT,hEST2,telomerase reverse transcriptase,,,,,,,,,,,,
MED12,ARC240,CAGH45,FGS1,HOPA,KIAA0192,MED12,OKS,OPA1,TNRC11,TRAP230,mediator complex subunit 12,,,,,,,,
ZNF217,ZABC1,ZNF217,zinc finger protein 217,,,,,,,,,,,,,,,,
PAX5,BSAP,PAX5,paired box 5,,,,,,,,,,,,,,,,
FGFR4,CD334,FGFR4,JTK2,MGC20292,TKF,fibroblast growth factor receptor 4,FGFR,,,,,,,,,,,,
IGF1R,CD221,IGF1R,IGFIR,IGFR,JTK13,MGC142170,MGC142172,MGC18216,insulin-like growth factor 1 receptor,,,,,,,,,,
BCL9,B-cell CLL/lymphoma 9,BCL9,LGS,MGC131591,,,,,,,,,,,,,,,
CD44,CD44,CD44 antigen,CD44 molecule (Indian blood group),CDW44,CSPG8,ECMR-III,HCELL,LHR,MC56,MDU2,MDU3,MGC10468,MIC4,MUTCH-I,Pgp1,,,,
DCUN1D1,"DCN1, defective in cullin neddylation 1, domain containing 1 (S. cerevisiae)",DCUN1D1,DCUN1L1,RP42,RP42 homolog,SCCRO,SCRO,Tes3,,,,,,,,,,,
GATA2,FLJ45948,GATA binding protein 2,GATA2,MGC2306,NFE1B,,,,,,,,,,,,,,
GAS6,AXLLG,AXSF,DKFZp666G247,FLJ34709,GAS6,growth arrest-specific 6,,,,,,,,,,,,,
CCNE1,CCNE,CCNE1,cyclin E1,,,,,,,,,,,,,,,,
MDM2,HDMX,MDM2,MGC5370,MGC71221,Mdm2 p53 binding protein homolog (mouse),hdm2,mouse double minute 2 homolog,,,,,,,,,,,,
XPO1,CRM1,DKFZp686B1823,XPO1,exportin 1,"exportin 1 (CRM1 homolog, yeast)",,,,,,,,,,,,,,
TSC2,FLJ43106,LAM,TSC2,TSC4,tuberous sclerosis 2,,,,,,,,,,,,,,
TIAF1,MAJN,SPR210,TGFB1-induced anti-apoptotic factor 1,TIAF1,,,,,,,,,,,,,,,
PIK3R1,GRB1,PIK3R1,p85,p85-ALPHA,"phosphoinositide-3-kinase, regulatory subunit 1 (alpha)",,,,,,,,,,,,,,
MAPK1,ERK,ERK2,ERT1,MAPK1,MAPK2,P42MAPK,PRKM1,PRKM2,mitogen-activated protein kinase 1,p38,p40,p41,p41mapk,,,,,,
PPARG,CIMT1,GLM1,NR1C3,PPARG,PPARG1,PPARG2,PPARgamma,peroxisome proliferative activated receptor gamma,peroxisome proliferator-activated receptor gamma,,,,,,,,,,
IFITM1,CD225,IFI17,IFITM1,LEU13,interferon induced transmembrane protein 1 ,,,,,,,,,,,,,,
BIRC2,API1,BIRC2,HIAP2,Hiap-2,MIHB,RNF48,baculoviral IAP repeat-containing 2,baculoviral IAP repeat-containing protein 2,c-IAP1,cIAP1,,,,,,,,,
STAT3,APRF,FLJ20882,HIES,MGC16063,STAT3,signal transducer and activator of transcription 3,signal transducer and activator of transcription 3 (acute-phase response factor),,,,,,,,,,,,
ATP11B,ATP11B,ATPIF,ATPIR,"ATPase, class VI, type 11B",DKFZp434J238,DKFZp434N1615,KIAA0956,MGC46576,,,,,,,,,,,
RAC1,MGC111543,MIG5,RAC1,TC-25,p21-Rac1,ras-related C3 botulinum toxin substrate 1,"ras-related C3 botulinum toxin substrate 1 (rho family, small GTP binding protein Rac1)",,,,,,,,,,,,
GATA3,GATA binding protein 3,GATA3,HDR,MGC2346,MGC5199,MGC5445,,,,,,,,,,,,,
RAF1,CRAF,NS5,RAF1,Raf-1,c-Raf,v-raf-1 murine leukemia viral oncogene homolog 1,,,,,,,,,,,,,
DDR2,DDR2,MIG20a,NTRKR3,TKT,TYRO10,"discoidin domain receptor family, member 2",discoidin domain receptor tyrosine kinase 2,,,,,,,,,,,,
ACVRL1,ACVRL1,ACVRLK1,ALK-1,ALK1,HHT,HHT2,ORW2,SKR3,TSR-I,activin A receptor type II-like 1,,,,,,,,,
PDCD1LG2,B7DC,Btdc,CD273,MGC142238,MGC142240,PD-L2,PDCD1L2,PDCD1LG2,PDL2,bA574F11.2,programmed cell death 1 ligand 2,,,,,,,,
NFE2L2,NFE2L2,NRF2,nuclear factor (erythroid-derived 2)-like 2,nuclear factor erythroid 2-like 2,,,,,,,,,,,,,,,
BTK,AGMX1,ATK,BPK,BTK,Bruton agammaglobulinemia tyrosine kinase,IMD1,MGC126261,MGC126262,PSCTK1,XLA,,,,,,,,,
MCL1,BCL2L3,EAT,MCL1,MCL1L,MCL1S,MGC104264,MGC1839,Mcl-1,myeloid cell leukemia sequence 1,myeloid cell leukemia sequence 1 (BCL2-related),,,,,,,,,
PPP2R1A,MGC786,PPP2R1A,PR65A,"alpha isoform of regulatory subunit A, protein phosphatase 2","protein phosphatase 2 (formerly 2A), regulatory subunit A, alpha isoform",,,,,,,,,,,,,,
MYO18A,DKFZp686L0243,KIAA0216,MYO18A,MYSPDZ,SPR210,myosin 18A,myosin XVIIIA,,,,,,,,,,,,
ARAF,A-RAF,ARAF,ARAF1,PKS2,RAFA1,v-raf murine sarcoma 3611 viral oncogene homolog,,,,,,,,,,,,,
KNSTRN,C15orf23,FLJ14502,HSD11,MGC141728,MGC141729,TRAF4 associated factor 1,TRAF4AF1,chromosome 15 open reading frame 23,,,,,,,,,,,
MSH2,COCA1,FCC1,HNPCC1,LCFS2,MSH2,mutS homolog 2,"mutS homolog 2, colon cancer, nonpolyposis type 1 (E. coli)",,,,,,,,,,,,
ERBB3,ERBB3,ErbB-3,HER3,LCCS2,MDA-BF-1,MGC88033,c-erbB-3,c-erbB3,erbB-3,erbB3-S,p180-ErbB3,p45-sErbB3,p85-sErbB3,v-erb-b2 erythroblastic leukemia viral oncogene homolog 3 (avian),,,,,
CDK6,CDK6,MGC59692,PLSTIRE,cyclin-dependent kinase 6,,,,,,,,,,,,,,,
MYCL1,LMYC,MYCL,MYCL1,bHLHe38,l-myc-1 proto-oncogene,"v-myc myelocytomatosis viral oncogene homolog 1, lung carcinoma derived (avian)",,,,,,,,,,,,,
TSC1,KIAA0243,LAM,MGC86987,TSC,TSC1,tuberous sclerosis 1,tuberous sclerosis 1 protein,,,,,,,,,,,,
MAP2K2,FLJ26075,MAP2K2,MAPKK2,MEK2,MKK2,PRKMK2,mitogen-activated protein kinase kinase 2,,,,,,,,,,,,
MDM4,DKFZp781B1423,HDMX,MDM4,MDMX,MGC132766,MRP1,Mdm4 p53 binding protein homolog (mouse),mouse double minute 4 homolog,,,,,,,,,,,
NF2,ACN,BANF,NF2,SCH,neurofibromin 2,neurofibromin 2 (merlin),,,,,,,,,,,,,
SPOP,SPOP,TEF2,speckle-type POZ protein,,,,,,,,,,,,,,,,
APEX1,APE,APE1,APEN,APEX,APEX nuclease (multifunctional DNA repair enzyme) 1,APEX nuclease 1,APEX1,APX,HAP1,REF1,,,,,,,,,
IL6,BSF2,HGF,HSF,IFNB2,IL-6,IL6,interleukin 6,"interleukin 6 (interferon, beta 2)",,,,,,,,,,,
MAGOH,MAGOH,MAGOHA,mago-nashi homolog,"mago-nashi homolog, proliferation-associated (Drosophila)",,,,,,,,,,,,,,,
BCL2L1,BCL-XL/S,BCL2-like 1,BCL2L,BCL2L1,BCLX,Bcl-X,DKFZp781P2092,bcl-xL,bcl-xS,,,,,,,,,,
RHEB,MGC111559,RHEB,RHEB2,Ras homolog enriched in brain,,,,,,,,,,,,,,,
NKX2-8,NK2 homeobox 8,NKX2-8,NKX2.8,NKX2H,Nkx2-9,,,,,,,,,,,,,,
CD274,B7-H,B7H1,CD274,CD274 molecule,MGC142294,MGC142296,PD-L1,PDCD1L1,PDCD1LG1,PDL1,,,,,,,,,
IFITM3,1-8U,IFITM3,IP15,interferon induced transmembrane protein 3 (1-8U),interferon-induced transmembrane protein 3 (1-8U),,,,,,,,,,,,,,
MYCN,MODED,MYCN,N-myc,NMYC,ODED,bHLHe37,"v-myc myelocytomatosis viral related oncogene, neuroblastoma derived","v-myc myelocytomatosis viral related oncogene, neuroblastoma derived (avian)",,,,,,,,,,,
NKX2-1,BCH,BHC,NK-2,NK2 homeobox 1,NKX2-1,NKX2.1,NKX2A,TEBP,TITF1,TTF-1,TTF1,thyroid transcription factor 1,,,,,,,
SOX2,ANOP3,MCOPS3,MGC2413,SOX2,SRY (sex determining region Y)-box 2,sex-determining region Y-box 2,,,,,,,,,,,,,
MAX,MAX,MAX protein,MGC10775,MGC11225,MGC18164,MGC34679,MGC36767,MYC associated factor X,bHLHd4,bHLHd5,bHLHd6,bHLHd7,bHLHd8,orf1,,,,,
CSNK2A1,CK2A1,CKII,CSNK2A1,"casein kinase 2, alpha 1 polypeptide",casein kinase II alpha 1 subunit,,,,,,,,,,,,,,
CHEK2,CDS1,CHEK2,CHK2,CHK2 checkpoint homolog (S. pombe),HuCds1,LFS2,PP1425,RAD53,protein kinase CHK2,,,,,,,,,,
RPS6KB1,PS6K,RPS6KB1,S6K,S6K1,STK14A,p70(S6K)-alpha,p70-S6K,p70-alpha,"ribosomal protein S6 kinase, 70kDa, polypeptide 1",,,,,,,,,,
CCND1,BCL1,CCND1,D11S287E,PRAD1,U21B31,cyclin D1,t(11;14),t(11; 14),,,,,,,,,,,
ABL2,ABLL,ARG,,,,,,,,,,,,,,,,,
AKT2,HIHGHH,PKBB,PKBBETA,PRKBB,RAC-BETA,,,,,,,,,,,,,,
AKT3,MPPH,PKB-GAMMA,PKBG,PRKBG,RAC-PK-gamma,RAC-gamma,STK-2,,,,,,,,,,,,
ATR,FCTCS,FRP1,MEC1,SCKL,SCKL1,,,,,,,,,,,,,,
ATRX,ATR2,JMS,MRXHF1,RAD54,RAD54L,SFM1,SHS,XH2,XNP,ZNF-HX,,,,,,,,,
AURKA,AIK,ARK1,AURA,AURORA2,BTAK,PPP1R47,STK15,STK6,STK7,,,,,,,,,,
AURKB,AIK2,AIM-1,AIM1,ARK2,AurB,IPL1,PPP1R48,STK12,STK5,aurkb-sv1,aurkb-sv2,,,,,,,,
AURKC,AIE2,AIK3,ARK3,AurC,SPGF5,STK13,aurora-C,,,,,,,,,,,,
AXL,JTK11,UFO,,,,,,,,,,,,,,,,,
CCND3,,,,,,,,,,,,,,,,,,,
CDK8,K35,,,,,,,,,,,,,,,,,,
CDKN1A,CAP20,CDKN1,CIP1,MDA-6,P21,SDI1,WAF1,p21CIP1,,,,,,,,,,,
CDKN1B,CDKN4,KIP1,MEN1B,MEN4,P27KIP1,,,,,,,,,,,,,,
CDKN2B,CDK4I,INK4B,MTS2,P15,TP15,p15INK4b,,,,,,,,,,,,,
CDKN2C,INK4C,p18,p18-INK4C,,,,,,,,,,,,,,,,
CREBBP,CBP,KAT3A,RSTS,,,,,,,,,,,,,,,,
CRKL,,,,,,,,,,,,,,,,,,,
E2F3,E2F-3,,,,,,,,,,,,,,,,,,
ECT2,ARHGEF31,,,,,,,,,,,,,,,,,,
EMSY,,,,,,,,,,,,,,,,,,,
EPHA3,EK4,ETK,ETK1,HEK,HEK4,TYRO4,,,,,,,,,,,,,
EPHA5,CEK7,EHK-1,EHK1,EK7,HEK7,TYRO4,,,,,,,,,,,,,
EPHB1,ELK,EPHT2,Hek6,NET,,,,,,,,,,,,,,,
ERCC1,COFS4,RAD10,UV20,,,,,,,,,,,,,,,,
ERCC2,COFS2,EM9,TFIIH,TTD,XPD,,,,,,,,,,,,,,
ERG,erg-3,p55,,,,,,,,,,,,,,,,,
FLT1,FLT,FLT-1,VEGFR-1,VEGFR1,,,,,,,,,,,,,,,
FLT4,FLT4,LMPH1A,PCL,VEGFR3,,,,,,,,,,,,,,,
GLI1,GLI,,,,,,,,,,,,,,,,,,
HGF,DFNB39,F-TCF,HGFB,HPTA,,,,,,,,,,,,,,,
IGF2,C11orf43,IGF-II,PP9974,,,,,,,,,,,,,,,,
IKBKB,IKK-beta,IKK2,IKKB,IMD15,NFKBIKB,,,,,,,,,,,,,,
ITPR2,IP3R2,,,,,,,,,,,,,,,,,,
LRP1B,LRP-DIT,LRPDIT,,,,,,,,,,,,,,,,,
LYN,JTK8,p53Lyn,p56Lyn,,,,,,,,,,,,,,,,
MAP2K4,JNKK,JNKK1,MAPKK4,MEK4,MKK4,PRKMK4,SAPKK-1,SAPKK1,SEK1,SERK1,SKK1,,,,,,,,
MAP2K7,Jnkk2,MAPKK7,MKK7,PRKMK7,SAPKK-4,SAPKK4,,,,,,,,,,,,,
MAP3K1,MAPKKK1,MEKK,MEKK1,SRXY6,,,,,,,,,,,,,,,
MAP3K7,MEKK7,TAK1,TGF1a,,,,,,,,,,,,,,,,
MAPK8,JNK,JNK-46,JNK1,JNK1A2,JNK21B1/2,PRKM8,SAPK1,SAPK1c,,,,,,,,,,,
MCM8,C20orf154,dJ967N21.5,,,,,,,,,,,,,,,,,
MCM9,C6orf61,MCMDC1,dJ329L24.1,dJ329L24.3,,,,,,,,,,,,,,,
MEN1,MEAI,SCG2,Menin,,,,,,,,,,,,,,,,
MYCL,LMYC,MYCL1,bHLHe38,,,,,,,,,,,,,,,,
NOTCH2,AGS2,HJCYS,hN2,,,,,,,,,,,,,,,,
NOTCH3,CADASIL,CASIL,IMF2,Notch3,,,,,,,,,,,,,,,
NTRK2,GP145-TrkB,TRKB,trk-B,NTRK1/2/3,NTRK,,,,,,,,,,,,,,
NTRK3,TRKC,gp145(trkC),NTRK1/2/3,NTRK,,,,,,,,,,,,,,,
NUTM1,C15orf55,FAM22H,NUT,,,,,,,,,,,,,,,,
PAK1,PAKalpha,,,,,,,,,,,,,,,,,,
PALB2,FANCN,PNCA3,,,,,,,,,,,,,,,,,
PIK3CB,P110BETA,PI3K,PI3KBETA,PIK3C1,,,,,,,,,,,,,,,
PIM1,PIM,,,,,,,,,,,,,,,,,,
PIM2,,,,,,,,,,,,,,,,,,,
PIM3,pim-3,,,,,,,,,,,,,,,,,,
PMS2,HNPCC4,PMS2CL,PMSL2,,,,,,,,,,,,,,,,
POLD1,CDC2,CRCS10,MDPL,POLD,,,,,,,,,,,,,,,
POLE,CRCS12,FILS,POLE1,,,,,,,,,,,,,,,,
PTCH2,PTC2,,,,,,,,,,,,,,,,,,
RAD50,NBSLD,RAD502,hRad50,,,,,,,,,,,,,,,,
RICTOR,AVO3,PIA,hAVO3,,,,,,,,,,,,,,,,
SMAD2,JV18,JV18-1,MADH2,MADR2,hMAD-2,hSMAD2,,,,,,,,,,,,,
SMAD3,HSPC193,HsT17436,JV15-2,LDS1C,LDS3,MADH3,,,,,,,,,,,,,
SOX9,CMD1,CMPD1,SRA1,,,,,,,,,,,,,,,,
TBX3,TBX3-ISO,UMS,XHL,,,,,,,,,,,,,,,,
TGFBR2,AAT3,FAA3,LDS1B,LDS2,LDS2B,MFS2,RIIC,TAAD2,TGFR-2,TGFbeta-RII,,,,,,,,,
TMPRSS2,PP9284,PRSS10,,,,,,,,,,,,,,,,,
TNIK,,,,,,,,,,,,,,,,,,,
TNK2,ACK,ACK-1,ACK1,p21cdc42Hs,,,,,,,,,,,,,,,
TOP2A,TOP2,TP2A,,,,,,,,,,,,,,,,,
TSHR,CHNG1,LGR3,hTSHR-I,,,,,,,,,,,,,,,,
RFX6,MTCHRS,MTFS,RFXDC1,dJ955L16.1,,,,,,,,,,,,,,,
RNF146,dJ351K20.1,,,,,,,,,,,,,,,,,,
TAB2,CHTD2,MAP3K7IP2,,,,,,,,,,,,,,,,,
SLC22A3,EMT,EMTH,,,,,,,,,,,,,,,,,
DNAH11,CILD7,DNAHBL,DNAHC11,DNHBL,DPL11,,,,,,,,,,,,,,
LMTK2,AATYK2,BREK,KPI-2,KPI2,LMR2,cprk,,,,,,,,,,,,,
NRG1,ARIA,GGF,GGF2,HGL,HRG,HRG1,HRGA,MST131,NDF,SMDF,,,,,,,,,
PSCA,PRO232,,,,,,,,,,,,,,,,,,
DMRT1,CT154,DMT1,,,,,,,,,,,,,,,,,
MTAP,BDMF,DMSFH,DMSMFH,HEL-249,LGMBF,MSAP,c86fus,,,,,,,,,,,,
ABO,A3GALNT,GTB,NAGAT,,,,,,,,,,,,,,,,
MLLT10,AF10,,,,,,,,,,,,,,,,,,
ARID5B,DESRT,MRF-2,MRF2,,,,,,,,,,,,,,,,
ZNF365,Su48,UAN,ZNF365D,,,,,,,,,,,,,,,,
PLCE1,NPHS3,PLCE,PPLC,,,,,,,,,,,,,,,,
LSP1,WP34,pp52,,,,,,,,,,,,,,,,,
LMO1,RBTN1,RHOM1,TTG1,,,,,,,,,,,,,,,,
TYR,ATN,CMM8,OCA1,OCA1A,OCAIA,SHEP3,,,,,,,,,,,,,
COLCA2,C11orf93,CASC13,,,,,,,,,,,,,,,,,
PHLDB1,LL5A,,,,,,,,,,,,,,,,,,
GRAMD1B,,,,,,,,,,,,,,,,,,,
ATF7IP,ATF-IP,MCAF,MCAF1,p621,,,,,,,,,,,,,,,
KITLG,FPH2,KL-1,Kitl,MGF,SCF,SHEP7,,,,,,,,,,,,,
ACAD10,,,,,,,,,,,,,,,,,,,
ALDH2,ALDH-E2,ALDHI,ALDM,,,,,,,,,,,,,,,,
NAA25,C12orf30,MDM20,NAP1,,,,,,,,,,,,,,,,
HECTD4,C12orf51,POTAGE,,,,,,,,,,,,,,,,,
SCARB1,CD36L1,CLA-1,CLA1,HDLQTL6,SR-BI,SRB1,,,,,,,,,,,,,
TNFRSF19,TAJ,TAJ-alpha,TRADE,TROY,,,,,,,,,,,,,,,
HYKK,AGPHD1,,,,,,,,,,,,,,,,,,
CHRNA3,LNCR2,NACHRA3,PAOD2,,,,,,,,,,,,,,,,
IRF8,H-ICSBP,ICSBP,ICSBP1,IRF-8,,,,,,,,,,,,,,,
MC1R,CMM5,MSH-R,SHEP2,,,,,,,,,,,,,,,,
HNF1B,FJHN,HNF-1B,HNF1beta,HNF2,HPC11,LF-B3,LFB3,MODY5,TCF-2,TCF2,VHNF1,,,,,,,,
ZNF652,,,,,,,,,,,,,,,,,,,
SLC14A1,HUT11,HsT1341,JK,RACH1,RACH2,UT-B1,UT1,UTE,,,,,,,,,,,
BABAM1,C19orf62,MERIT40,NBA1,,,,,,,,,,,,,,,,
RHPN2,P76RBE,RHOBP,,,,,,,,,,,,,,,,,
PRKD2,PKD2,nPKC-D2,,,,,,,,,,,,,,,,,
PIGU,CDC91L1,GAB1,,,,,,,,,,,,,,,,,
LAMA5,,,,,,,,,,,,,,,,,,,
RTEL1,C20orf41,DKCA4,DKCB5,RTEL,,,,,,,,,,,,,,,
MTMR3,FYVE-DSP1,ZFYVE10,,,,,,,,,,,,,,,,,
PLA2G6,CaI-PLA2,GVI,INAD1,IPLA2-VIA,NBIA2,NBIA2A,NBIA2B,PARK14,PLA2,PNPLA9,iPLA2,iPLA2beta,,,,,,,
FAM19A5,QLLK5208,TAFA-5,TAFA5,UNQ5208,,,,,,,,,,,,,,,
POLD3,P66,P68,,,,,,,,,,,,,,,,,
TCN2,D22S676,D22S750,TC-2,TC2,TCII,,,,,,,,,,,,,,
DLG2,PPP1R58,PSD-93,PSD93,chapsyn-110,,,,,,,,,,,,,,,
NHS,CTRCT40,CXN,SCML1,,,,,,,,,,,,,,,,
PRDM2,HUMHOXY1,KMT8,MTB-ZF,RIZ,RIZ1,RIZ2,,,,,,,,,,,,,
KAZN,KAZ,,,,,,,,,,,,,,,,,,
PLCL2,PLCE2,,,,,,,,,,,,,,,,,,
ITGA9,ALPHA-RLC,ITGA4L,RLC,,,,,,,,,,,,,,,,
RGS17,RGS-17,RGSZ2,hRGS17,,,,,,,,,,,,,,,,
CROT,COT,,,,,,,,,,,,,,,,,,
DOCK1,DOCK180,ced5,,,,,,,,,,,,,,,,,
SEMA6D,,,,,,,,,,,,,,,,,,,
DCAKD,,,,,,,,,,,,,,,,,,,
TIMP3,HSMRK222,K222,K222TA2,SFD,,,,,,,,,,,,,,,
AIP,ARA9,FKBP16,FKBP37,SMTPHN,XAP-2,XAP2,,,,,,,,,,,,,
BLM,RECQ2,RECQL2,RECQL3,,,,,,,,,,,,,,,,
BMPR1A,10q23del,ACVRLK3,ALK3,CD292,SKR5,,,,,,,,,,,,,,
BRIP1,BACH1,FANCJ,,,,,,,,,,,,,,,,,
BUB1B,BUB1beta,BUBR1,Bub1A,MAD3L,MVA1,SSK1,hBUBR1,,,,,,,,,,,,
CDC73,C1orf28,FIHP,HPTJT,HRPT1,HRPT2,HYX,,,,,,,,,,,,,
CDKN1C,BWCR,BWS,KIP2,WBS,p57,p57Kip2,,,,,,,,,,,,,
CEP57,MVA2,PIG8,TSP57,,,,,,,,,,,,,,,,
CYLD,BRSS,CDMT,CYLD1,CYLDI,EAC,MFT,MFT1,SBS,TEM,USPL2,,,,,,,,,
DDB2,DDBB,UV-DDB2,,,,,,,,,,,,,,,,,
DICER1,DCR1,Dicer,HERNA,MNG1,RMSE2,,,,,,,,,,,,,,
DIS3L2,FAM6A,PRLMNS,hDIS3L2,,,,,,,,,,,,,,,,
EPCAM,DIAR5,EGP-2,EGP314,EGP40,ESA,HNPCC8,KS1/4,KSA,M4S1,MIC18,MK-1,TACSTD1,TROP1,,,,,,
ERCC3,BTF2,GTF2H,RAD25,TFIIH,XPB,,,,,,,,,,,,,,
ERCC4,ERCC11,FANCQ,RAD1,XPF,,,,,,,,,,,,,,,
ERCC5,COFS3,ERCM2,UVDR,XPG,XPGC,,,,,,,,,,,,,,
EXT1,EXT,LGCR,LGS,TRPS2,TTV,,,,,,,,,,,,,,
EXT2,SOTV,,,,,,,,,,,,,,,,,,
FANCA,FA-H,FA1,FAA,FACA,FAH,FANCH,,,,,,,,,,,,,
FANCB,FAAP90,FAAP95,FAB,FACB,,,,,,,,,,,,,,,
FANCC,FA3,FAC,FACC,,,,,,,,,,,,,,,,
FANCD2,FA-D2,FA4,FACD,FAD,FAD2,FANCD,,,,,,,,,,,,,
FANCE,FACE,FAE,,,,,,,,,,,,,,,,,
FANCF,FAF,,,,,,,,,,,,,,,,,,
FANCG,FAG,XRCC9,,,,,,,,,,,,,,,,,
FANCI,KIAA1794,,,,,,,,,,,,,,,,,,
FANCL,FAAP43,PHF9,POG,,,,,,,,,,,,,,,,
FANCM,FAAP250,KIAA1596,,,,,,,,,,,,,,,,,
FH,HLRCC,LRCC,MCL,MCUL1,,,,,,,,,,,,,,,
FLCN,BHD,FLCL,,,,,,,,,,,,,,,,,
GPC3,DGSX,GTR2-2,MXR7,OCI-5,SDYS,SGB,SGBS,SGBS1,,,,,,,,,,,
MUTYH,CYP2C,MYH,,,,,,,,,,,,,,,,,
NBN,AT-V1,AT-V2,NBS,NBS1,P95,,,,,,,,,,,,,,
PHOX2B,NBLST2,NBPhox,PMX2B,,,,,,,,,,,,,,,,
PMS1,HNPCC3,PMSL1,hPMS1,,,,,,,,,,,,,,,,
PRF1,FLH2,HPLH2,P1,PFN1,PFP,,,,,,,,,,,,,,
PRKAR1A,ACRDYS1,ADOHR,CNC,CNC1,PKR1,PPNAD1,PRKAR1,TSE1,,,,,,,,,,,
RAD51C,BROVCA3,FANCO,R51H3,RAD51L2,,,,,,,,,,,,,,,
RAD51D,BROVCA4,R51H3,RAD51L3,TRAD,,,,,,,,,,,,,,,
RECQL4,RECQ4,,,,,,,,,,,,,,,,,,
RHBDF2,RHBDL5,RHBDL6,TOC,TOCG,,,,,,,,,,,,,,,
SBDS,SWDS,,,,,,,,,,,,,,,,,,
SDHAF2,C11orf79,PGL2,SDH5,,,,,,,,,,,,,,,,
SDHB,CWS2,PGL4,SDH,SDH1,SDH2,SDHIP,,,,,,,,,,,,,
SDHC,CYB560,CYBL,PGL3,QPS1,SDH3,,,,,,,,,,,,,,
SDHD,CBT1,CII-4,CWS3,PGL,PGL1,QPs3,SDH4,cybS,,,,,,,,,,,
SLX4,BTBD12,FANCP,MUS312,,,,,,,,,,,,,,,,
TMEM127,,,,,,,,,,,,,,,,,,,
WRN,RECQ3,RECQL2,RECQL3,,,,,,,,,,,,,,,,
XPA,XP1,XPAC,,,,,,,,,,,,,,,,,
XPC,RAD4,XP3,XPCC,,,,,,,,,,,,,,,,
PRNCR1,,,,,,,,,,,,,,,,,,,
CASC8,,,,,,,,,,,,,,,,,,,
CCAT2,,,,,,,,,,,,,,,,,,,
CCDC26,,,,,,,,,,,,,,,,,,,
CDKN2B-AS1,,,,,,,,,,,,,,,,,,,
PTCSC2,,,,,,,,,,,,,,,,,,,
MSMB,HPC13,IGBF,MSP,MSPB,PN44,PRPS,PSP,PSP-94,PSP57,PSP94,,,,,,,,,
EGR2,AT591,CMT1D,CMT4E,KROX20,,,,,,,,,,,,,,,
ATF1,EWS-ATF1,FUS/ATF-1,TREB36,,,,,,,,,,,,,,,,
SRP14-AS1,,,,,,,,,,,,,,,,,,,
CASC16,,,,,,,,,,,,,,,,,,,
AFG3L1P,,,,,,,,,,,,,,,,,,,
CASC17,,,,,,,,,,,,,,,,,,,
DDX1,DBP-RB,UKVH5d,,,,,,,,,,,,,,,,,
LINC00299,,,,,,,,,,,,,,,,,,,
PPP2R3B,NYREN8,PPP2R3L,PPP2R3LY,PR48,,,,,,,,,,,,,,,
LINC00824,,,,,,,,,,,,,,,,,,,
CDK10,PISSLRE,,,,,,,,,,,,,,,,,,
BACH1,BACH-1,,,,,,,,,,,,,,,,,,
MX2,MXB,,,,,,,,,,,,,,,,,,
SMAD7,CRCS3,MADH7,MADH8,,,,,,,,,,,,,,,,
ZMIZ1,MIZ,RAI17,TRAFIP10,ZIMP10,hZIMP10,,,,,,,,,,,,,,
LOC105369367,,,,,,,,,,,,,,,,,,,
CASC11,,,,,,,,,,,,,,,,,,,
BARD1,,,,,,,,,,,,,,,,,,,
CCND2,KIAK0002,,,,,,,,,,,,,,,,,,
CDK12,CRK7,CRKR,CRKRS,,,,,,,,,,,,,,,,
CHEK1,CHK1,,,,,,,,,,,,,,,,,,
EML4,C2orf2,ELP120,EMAP-4,EMAPL4,ROPP120,,,,,,,,,,,,,,
ETV1,ER81,,,,,,,,,,,,,,,,,,
ETV4,E1A-F,E1AF,PEA3,PEAS3,,,,,,,,,,,,,,,
ETV5,ERM,,,,,,,,,,,,,,,,,,
FAM175A,ABRA1,CCDC98,,,,,,,,,,,,,,,,,
FGF1,AFGF,ECGF,ECGF-beta,ECGFA,ECGFB,FGF-1,FGF-alpha,FGFA,GLIO703,HBGF-1,HBGF1,,,,,,,,
FGF10,,,,,,,,,,,,,,,,,,,
FGF14,FGF-14,FHF-4,FHF4,SCA27,,,,,,,,,,,,,,,
FGF19,,,,,,,,,,,,,,,,,,,
FGF2,BFGF,FGF-2,FGFB,HBGF-2,,,,,,,,,,,,,,,
FGF23,ADHR,FGFN,HPDR2,HYPF,PHPTC,,,,,,,,,,,,,,
FGF3,HBGF-3,INT2,,,,,,,,,,,,,,,,,
FGF4,HBGF-4,HST,HST-1,HSTF1,K-FGF,KFGF,,,,,,,,,,,,,
FGF5,HBGF-5,Smag-82,,,,,,,,,,,,,,,,,
FGF6,HBGF-6,HST2,,,,,,,,,,,,,,,,,
FGF7,HBGF-7,KGF,,,,,,,,,,,,,,,,,
FGF8,AIGF,FGF-8,HBGF-8,HH6,KAL6,,,,,,,,,,,,,,
FGF9,FGF-9,GAF,HBFG-9,HBGF-9,SYNS3,,,,,,,,,,,,,,
FLI1,EWSR2,SIC-1,,,,,,,,,,,,,,,,,
GEN1,Gen,,,,,,,,,,,,,,,,,,
INPP4B,,,,,,,,,,,,,,,,,,,
KIF5B,HEL-S-61,KINH,KNS,KNS1,UKHC,,,,,,,,,,,,,,
LAMP1,CD107a,LAMPA,LGP120,,,,,,,,,,,,,,,,
MLLT3,AF9,YEATS3,,,,,,,,,,,,,,,,,
MRE11A,ATLD,HNGS1,MRE11,MRE11B,,,,,,,,,,,,,,,
MSH3,DUP,MRP1,,,,,,,,,,,,,,,,,
PIK3CD,APDS,IMD14,P110DELTA,PI3K,p110D,,,,,,,,,,,,,,
PIK3CG,PI3CG,PI3K,PI3Kgamma,PIK3,p110gamma,p120-PI3K,,,,,,,,,,,,,
PPP2R2A,B55A,B55ALPHA,PR52A,PR55A,,,,,,,,,,,,,,,
RAD51,BRCC5,HRAD51,HsRad51,HsT16930,MRMV2,RAD51A,RECA,,,,,,,,,,,,
RAD51B,R51H2,RAD51L1,REC2,,,,,,,,,,,,,,,,
RAD54L,HR54,RAD54A,hHR54,hRAD54,,,,,,,,,,,,,,,
TFRC,CD71,T9,TFR,TFR1,TR,TRFR,p90,,,,,,,,,,,,
XRCC2,,,,,,,,,,,,,,,,,,,
ACVR1B,ACTRIB,ACVRLK4,ALK4,SKR2,,,,,,,,,,,,,,,
AFF3,LAF4,MLLT2-like,,,,,,,,,,,,,,,,,
AMER1,FAM123B,OSCS,WTX,,,,,,,,,,,,,,,,
ASXL2,ASXH2,,,,,,,,,,,,,,,,,,
AXIN1,AXIN,PPP1R49,,,,,,,,,,,,,,,,,
BCR,ALL,BCR1,CML,D22S11,D22S662,PHL,,,,,,,,,,,,,
BRINP3,DBCCR1L,DBCCR1L1,FAM5C,,,,,,,,,,,,,,,,
CASP8,ALPS2B,CAP4,Casp-8,FLICE,MACH,MCH5,,,,,,,,,,,,,
CRFL2,,,,,,,,,,,,,,,,,,,
CTNNA1,CAP102,,,,,,,,,,,,,,,,,,
CYP1A2,CP12,P3-450,P450(PA),,,,,,,,,,,,,,,,
CYP2C19,CPCJ,CYP2C,P450C2C,P450IIC19,,,,,,,,,,,,,,,
CYP2C9,CPC9,CYP2C,CYP2C10,CYPIIC9,P450IIC9,,,,,,,,,,,,,,
CYP2D6,CPD6,CYP2D,CYP2D7AP,CYP2D7BP,CYP2D7P2,CYP2D8P2,CYP2DL1,CYPIID6,P450-DB1,P450C2D,P450DB1,,,,,,,,
DAXX,BING2,DAP6,EAP1,,,,,,,,,,,,,,,,
DNMT1,ADCADN,AIM,CXXC9,DNMT,HSN1E,MCMT,,,,,,,,,,,,,
DPYD,DHP,DHPDHASE,DPD,,,,,,,,,,,,,,,,
ELANE,ELA2,GE,HLE,HNE,NE,PMN-E,SCN1,,,,,,,,,,,,
ERRFI1,GENE-33,MIG-6,MIG6,RALT,,,,,,,,,,,,,,,
ESR2,ER-BETA,ESR-BETA,ESRB,ESTRB,Erb,NR3A2,,,,,,,,,,,,,
FAT1,CDHF7,CDHR8,FAT,ME5,hFat1,,,,,,,,,,,,,,
FUBP1,FBP,FUBP,,,,,,,,,,,,,,,,,
G6PD,G6PD1,,,,,,,,,,,,,,,,,,
GATA4,ASD2,TACHD,VSD1,,,,,,,,,,,,,,,,
GRIN2A,EPND,FESD,GluN2A,LKS,NMDAR2A,NR2A,,,,,,,,,,,,,
HIST1H3B,H3/l,H3FL,,,,,,,,,,,,,,,,,
HNRNPK,CSBP,HNRPK,TUNP,,,,,,,,,,,,,,,,
IGF2R,CD222,CIMPR,M6P-R,MPR1,MPRI,,,,,,,,,,,,,,
INSR,CD220,HHF5,,,,,,,,,,,,,,,,,
KDM5C,DXS1272E,JARID1C,MRX13,MRXJ,MRXSCJ,MRXSJ,SMCX,XE169,,,,,,,,,,,
KEAP1,INrf2,KLHL19,,,,,,,,,,,,,,,,,
KLF4,EZF,GKLF,,,,,,,,,,,,,,,,,
LUC7L2,CGI-74,LUC7B2,,,,,,,,,,,,,,,,,
MAML1,Mam-1,Mam1,,,,,,,,,,,,,,,,,
MAP3K3,MAPKKK3,MEKK3,,,,,,,,,,,,,,,,,
MITF,CMM8,MI,WS2,WS2A,bHLHe32,,,,,,,,,,,,,,
MTHFR,,,,,,,,,,,,,,,,,,,
MYBL1,A-MYB,AMYB,,,,,,,,,,,,,,,,,
NOTCH4,INT3,NOTCH3,,,,,,,,,,,,,,,,,
PARP1,ADPRT,ADPRT 1,ADPRT1,ARTD1,PARP,PARP-1,PPOL,pADPRT-1,,,,,,,,,,,
PBRM1,BAF180,PB1,,,,,,,,,,,,,,,,,
PDK1,,,,,,,,,,,,,,,,,,,
PGR,NR3C3,PR,,,,,,,,,,,,,,,,,
PIK3C2B,C2-PI3K,,,,,,,,,,,,,,,,,,
PIK3R5,F730038I15Rik,FOAP-2,P101-PI3K,p101,,,,,,,,,,,,,,,
POLD,,,,,,,,,,,,,,,,,,,
PRDM1,BLIMP1,PRDI-BF1,,,,,,,,,,,,,,,,,
PRPF40B,HYPC,,,,,,,,,,,,,,,,,,
PRPF8,HPRP8,PRP8,PRPC8,RP13,SNRNP220,,,,,,,,,,,,,,
RAD54B,RDH54,,,,,,,,,,,,,,,,,,
RASA1,CM-AVM,CMAVM,GAP,PKWS,RASA,RASGAP,p120GAP,p120RASGAP,,,,,,,,,,,
RIT1,NS8,RIBB,RIT,ROC1,,,,,,,,,,,,,,,
RNF43,RNF124,URCC,,,,,,,,,,,,,,,,,
RPSO,,,,,,,,,,,,,,,,,,,
RPTOR,KOG1,Mip1,,,,,,,,,,,,,,,,,
RXRA,NR2B1,,,,,,,,,,,,,,,,,,
SHOC2,SIAA0862,SOC2,SUR8,,,,,,,,,,,,,,,,
SOCS1,CIS1,CISH1,JAB,SOCS-1,SSI-1,SSI1,TIP3,,,,,,,,,,,,
SOS1,GF1,GGF1,GINGF,HGF,NS4,,,,,,,,,,,,,,
SPRED1,NFLS,hSpred1,spred-1,,,,,,,,,,,,,,,,
STAT1,CANDF7,ISGF-3,STAT91,,,,,,,,,,,,,,,,
SUZ12,CHET9,JJAZ1,,,,,,,,,,,,,,,,,
TEK,CD202B,TIE-2,TIE2,VMCM,VMCM1,,,,,,,,,,,,,,
TOP1,TOPI,,,,,,,,,,,,,,,,,,
TRAF7,RFWD1,RNF119,,,,,,,,,,,,,,,,,
TYMS,HST422,TMS,TS,,,,,,,,,,,,,,,,
UGT1A1,BILIQTL1,GNT1,HUG-BR1,UDPGT,UDPGT 1-1,UGT1,UGT1A,,,,,,,,,,,,
VKORC1,EDTP308,IMAGE3455200,MST134,MST576,VKCFD2,VKOR,,,,,,,,,,,,,
WNT1,BMND16,INT1,OI15,,,,,,,,,,,,,,,,
XRCC1,RCC,,,,,,,,,,,,,,,,,,
CBLB,Cbl-b,RNF56,,,,,,,,,,,,,,,,,
CBLC,CBL-3,CBL-SL,RNF57,,,,,,,,,,,,,,,,
ETNK1,EKI,EKI1,EKI 1,Nbla10396,,,,,,,,,,,,,,,
KDM6A,KABUK2,UTX,bA386N14.2,,,,,,,,,,,,,,,,
PIK3R2,MPPH,P85B,p85,p85-BETA,,,,,,,,,,,,,,,
RAD21,CDLS4,HR21,HRAD21,MCD1,NXP1,SCC1,hHR21,,,,,,,,,,,,
SMC1A,CDLS2,DXS423E,SB1.8,SMC1,SMC1L1,SMC1alpha,SMCB,,,,,,,,,,,,
SMC3,BAM,BMH,CDLS3,CSPG6,HCAP,SMC3L1,,,,,,,,,,,,,
ABI1,ABI-1,ABLBP4,E3B1,NAP1BP,SSH3BP,SSH3BP1,,,,,,,,,,,,,
ACACA,ACAC,ACACAD,ACC,ACC1,ACCA,,,,,,,,,,,,,,
ACE,ACE1,CD143,DCP,DCP1,ICH,MVCD3,,,,,,,,,,,,,
ACER1,ALKCDase1,ASAH3,,,,,,,,,,,,,,,,,
ACKR3,CMKOR1,CXC-R7,CXCR-7,CXCR7,GPR159,RDC-1,RDC1,,,,,,,,,,,,
ACSL6,ACS2,FACL6,LACS 6,LACS2,LACS5,,,,,,,,,,,,,,
ADD3,ADDL,,,,,,,,,,,,,,,,,,
AFF1,AF4,MLLT2,PBM1,,,,,,,,,,,,,,,,
AFF4,AF5Q31,MCEF,,,,,,,,,,,,,,,,,
AGR3,AG3,BCMP11,HAG3,PDIA18,hAG-3,,,,,,,,,,,,,,
AHI1,AHI-1,JBTS3,ORF1,dJ71N10.1,,,,,,,,,,,,,,,
AHRR,AHH,AHHR,bHLHe77,,,,,,,,,,,,,,,,
ANKRD28,PITK,PPP1R65,,,,,,,,,,,,,,,,,
ARHGAP20,RARHOGAP,,,,,,,,,,,,,,,,,,
ARHGAP26,GRAF,GRAF1,OPHN1L,OPHN1L1,,,,,,,,,,,,,,,
ARNT,HIF-1-beta,HIF-1beta,HIF1-beta,HIF1B,HIF1BETA,TANGO,bHLHe2,,,,,,,,,,,,
ASPSCR1,ASPCR1,ASPL,ASPS,RCC17,TUG,UBXD9,UBXN9,,,,,,,,,,,,
ASTN2,bA67K19.1,,,,,,,,,,,,,,,,,,
ATIC,AICAR,AICARFT,HEL-S-70p,IMPCHASE,PURH,,,,,,,,,,,,,,
ATP1B4,,,,,,,,,,,,,,,,,,,
AUTS2,FBRSL2,,,,,,,,,,,,,,,,,,
BACH2,BTBD25,,,,,,,,,,,,,,,,,,
BAG4,BAG-4,SODD,,,,,,,,,,,,,,,,,
BAIAP2L1,IRTKS,,,,,,,,,,,,,,,,,,
BAZ2A,TIP5,WALp3,,,,,,,,,,,,,,,,,
BCAS3,GAOB1,MAAB,,,,,,,,,,,,,,,,,
BCAS4,CNOL,,,,,,,,,,,,,,,,,,
BCL10,CARMEN,CIPER,CLAP,c-E10,mE10,,,,,,,,,,,,,,
BCL11A,BCL11A-L,BCL11A-S,BCL11A-XL,BCL11a-M,CTIP1,EVI9,HBFQTL5,ZNF856,,,,,,,,,,,
BCL11B,ATL1,ATL1-alpha,ATL1-beta,ATL1-delta,ATL1-gamma,CTIP-2,CTIP2,RIT1,ZNF856B,hRIT1-alpha,,,,,,,,,
BCL3,BCL4,D19S37,,,,,,,,,,,,,,,,,
BDNF,ANON2,BULN2,,,,,,,,,,,,,,,,,
BICC1,BICC,CYSRD,,,,,,,,,,,,,,,,,
BIRC6,APOLLON,BRUCE,,,,,,,,,,,,,,,,,
BRD1,BRL,BRPF1,BRPF2,,,,,,,,,,,,,,,,
BRD3,ORFX,RING3L,,,,,,,,,,,,,,,,,
BRD4,CAP,HUNK1,HUNKI,MCAP,,,,,,,,,,,,,,,
BRWD3,BRODL,MRX93,,,,,,,,,,,,,,,,,
BTBD18,,,,,,,,,,,,,,,,,,,
C11orf1,,,,,,,,,,,,,,,,,,,
C11orf95,,,,,,,,,,,,,,,,,,,
C2CD2L,TMEM24,,,,,,,,,,,,,,,,,,
C3orf27,GR6,,,,,,,,,,,,,,,,,,
CAMTA1,CANPMR,,,,,,,,,,,,,,,,,,
CAPRIN1,GPIAP1,GPIP137,GRIP137,M11S1,RNG105,p137GPI,,,,,,,,,,,,,
CARS,CARS1,CYSRS,MGC:11246,,,,,,,,,,,,,,,,
CASC5,AF15Q14,CT29,D40,KNL1,PPP1R55,Spc7,hKNL-1,hSpc105,,,,,,,,,,,
CASP7,CASP-7,CMH-1,ICE-LAP3,LICE2,MCH3,,,,,,,,,,,,,,
CBFA2T3,ETO2,MTG16,MTGR2,ZMYND4,,,,,,,,,,,,,,,
CBFB,PEBP2B,,,,,,,,,,,,,,,,,,
CCAR2,DBC-1,DBC1,KIAA1967,NET35,p30 DBC,p30DBC,,,,,,,,,,,,,
CCDC28A,C6orf80,CCRL1AP,,,,,,,,,,,,,,,,,
CCDC6,D10S170,H4,PTC,TPC,TST1,,,,,,,,,,,,,,
CCDC88C,DAPLE,HKRP2,KIAA1509,,,,,,,,,,,,,,,,
CCNB1IP1,C14orf18,HEI10,,,,,,,,,,,,,,,,,
CCNB3,,,,,,,,,,,,,,,,,,,
CD74,DHLAG,HLADG,II,Ia-GAMMA,,,,,,,,,,,,,,,
CDH11,CAD11,CDHOB,OB,OSF-4,,,,,,,,,,,,,,,
CDK5RAP2,C48,Cep215,MCPH3,,,,,,,,,,,,,,,,
CDX1,,,,,,,,,,,,,,,,,,,
CDX2,CDX-3,CDX3,,,,,,,,,,,,,,,,,
CEBPB,C/EBP-beta,CRP2,IL6DBP,NF-IL6,TCF5,,,,,,,,,,,,,,
CEBPD,C/EBP-delta,CELF,CRP3,NF-IL6-beta,,,,,,,,,,,,,,,
CEBPE,C/EBP-epsilon,CRP1,,,,,,,,,,,,,,,,,
CEP170B,CEP170R,FAM68C,KIAA0284,,,,,,,,,,,,,,,,
CEP85L,C6orf204,NY-BR-15,bA57K17.2,,,,,,,,,,,,,,,,
CHD6,CHD-6,CHD5,RIGB,,,,,,,,,,,,,,,,
CHIC2,BTL,,,,,,,,,,,,,,,,,,
CHMP2B,ALS17,CHMP2.5,DMT1,VPS2-2,VPS2B,,,,,,,,,,,,,,
CHST11,C4ST,C4ST-1,C4ST1,HSA269537,,,,,,,,,,,,,,,
CIITA,C2TA,CIITAIV,MHC2TA,NLRA,,,,,,,,,,,,,,,
CLP1,HEAB,hClp1,,,,,,,,,,,,,,,,,
CLTC,CHC,CHC17,CLH-17,CLTCL2,Hc,,,,,,,,,,,,,,
CLTCL1,CHC22,CLH22,CLTCL,CLTD,,,,,,,,,,,,,,,
CMKLR1,CHEMERINR,ChemR23,DEZ,RVER1,,,,,,,,,,,,,,,
CNBP,CNBP1,DM2,PROMM,RNF163,ZCCHC22,ZNF9,,,,,,,,,,,,,
CNOT2,CDC36,NOT2,NOT2H,,,,,,,,,,,,,,,,
CNTRL,CEP1,CEP110,FAN,bA165P4.1,,,,,,,,,,,,,,,
COG5,CDG2I,GOLTC1,GTC90,,,,,,,,,,,,,,,,
COL1A1,OI4,,,,,,,,,,,,,,,,,,
COL1A2,OI4,,,,,,,,,,,,,,,,,,
COL6A3,,,,,,,,,,,,,,,,,,,
COX6C,,,,,,,,,,,,,,,,,,,
CPSF6,CFIM,CFIM68,HPBRII-4,HPBRII-7,,,,,,,,,,,,,,,
CRADD,MRT34,RAIDD,,,,,,,,,,,,,,,,,
CREB1,CREB,,,,,,,,,,,,,,,,,,
CREB3L1,OASIS,,,,,,,,,,,,,,,,,,
CREB3L2,BBF2H7,,,,,,,,,,,,,,,,,,
CRTC1,MECT1,TORC-1,TORC1,WAMTP1,,,,,,,,,,,,,,,
CSF1,CSF-1,MCSF,,,,,,,,,,,,,,,,,
CTDSP2,OS4,PSR2,SCP2,,,,,,,,,,,,,,,,
DAB2IP,AF9Q34,AIP-1,AIP1,DIP1/2,,,,,,,,,,,,,,,
DACH1,DACH,,,,,,,,,,,,,,,,,,
DACH2,,,,,,,,,,,,,,,,,,,
DDX10,HRH-J8,,,,,,,,,,,,,,,,,,
DDX20,DP103,GEMIN3,,,,,,,,,,,,,,,,,
DEK,D6S231E,,,,,,,,,,,,,,,,,,
DNAJB1,HSPF1,Hdj1,Hsp40,RSPH16B,Sis1,,,,,,,,,,,,,,
DPM1,CDGIE,MPDS,,,,,,,,,,,,,,,,,
DUX4,DUX10,,,,,,,,,,,,,,,,,,
EEFSEC,EFSEC,SELB,,,,,,,,,,,,,,,,,
EGR1,AT225,G0S30,KROX-24,NGFI-A,TIS8,ZIF-268,ZNF225,,,,,,,,,,,,
EGR3,EGR-3,PILOT,,,,,,,,,,,,,,,,,
EGR4,NGFI-C,NGFIC,PAT133,,,,,,,,,,,,,,,,
EIF4A2,BM-010,DDX2B,EIF4A,EIF4F,eIF-4A-II,eIF4A-II,,,,,,,,,,,,,
ELF4,ELFR,MEF,,,,,,,,,,,,,,,,,
ELK4,SAP1,,,,,,,,,,,,,,,,,,
ELL,C19orf17,ELL1,MEN,PPP1R68,,,,,,,,,,,,,,,
ELN,SVAS,WBS,WS,,,,,,,,,,,,,,,,
EML1,ELP79,EMAP,EMAPL,HuEMAP,,,,,,,,,,,,,,,
EP400,CAGH32,P400,TNRC12,,,,,,,,,,,,,,,,
EPC1,Epl1,,,,,,,,,,,,,,,,,,
EPS15,AF-1P,AF1P,MLLT5,,,,,,,,,,,,,,,,
ERC1,Cast2,ELKS,RAB6IP2,,,,,,,,,,,,,,,,
ERLIN2,C8orf2,Erlin-2,NET32,SPFH2,SPG18,,,,,,,,,,,,,,
EZR,CVIL,CVL,HEL-S-105,VIL2,,,,,,,,,,,,,,,
FAM19A2,TAFA-2,TAFA2,,,,,,,,,,,,,,,,,
FCGR2B,CD32,CD32B,FCG2,FCGR2,IGFR2,,,,,,,,,,,,,,
FCRL4,CD307d,FCRH4,IGFP2,IRTA1,,,,,,,,,,,,,,,
FEN1,FEN-1,MF1,RAD2,,,,,,,,,,,,,,,,
FEV,HSRNAFEV,PET-1,,,,,,,,,,,,,,,,,
FGFR1OP,FOP,,,,,,,,,,,,,,,,,,
FGFR1OP2,HSPC123-like,WIT3.0,,,,,,,,,,,,,,,,,
FHIT,AP3Aase,FRA3B,,,,,,,,,,,,,,,,,
FIP1L1,FIP1,Rhe,hFip1,,,,,,,,,,,,,,,,
FLNA,ABP-280,ABPX,CSBS,CVD1,FLN,FLN-A,FLN1,FMD,MNS,NHBP,OPD,OPD1,OPD2,XLVD,XMVD,,,,
FLT3LG,FL,FLT3L,,,,,,,,,,,,,,,,,
FNBP1,FBP17,,,,,,,,,,,,,,,,,,
FOSB,AP-1,G0S3,GOS3,GOSB,,,,,,,,,,,,,,,
FOSL1,FRA,FRA1,fra-1,,,,,,,,,,,,,,,,
FOXO4,AFX,AFX1,MLLT7,,,,,,,,,,,,,,,,
FOXP1,12CC4,QRF1,hFKH1B,,,,,,,,,,,,,,,,
FRK,GTK,PTK5,RAK,,,,,,,,,,,,,,,,
FRYL,KIAA0826,,,,,,,,,,,,,,,,,,
GAS5,,,,,,,,,,,,,,,,,,,
GAS7,MLL/GAS7,,,,,,,,,,,,,,,,,,
GIT2,CAT-2,CAT2,,,,,,,,,,,,,,,,,
GOSR1,GOLIM2,GOS-28,GOS28,GOS28/P28,GS28,P28,,,,,,,,,,,,,
GOT1,ASTQTL1,GIG18,cAspAT,cCAT,,,,,,,,,,,,,,,
GPR128,,,,,,,,,,,,,,,,,,,
GPR34,,,,,,,,,,,,,,,,,,,
GRHPR,GLXR,GLYD,PH2,,,,,,,,,,,,,,,,
GRID1,GluD1,,,,,,,,,,,,,,,,,,
GTF2I,BAP135,BTKAP1,DIWS,GTFII-I,IB291,SPIN,TFII-I,WBS,WBSCR6,,,,,,,,,,
H2AFX,H2A.X,H2A/X,H2AX,,,,,,,,,,,,,,,,
HAS2,,,,,,,,,,,,,,,,,,,
HHEX,HEX,HMPH,HOX11L-PEN,PRH,PRHX,,,,,,,,,,,,,,
HIP1,HIP-I,ILWEQ,,,,,,,,,,,,,,,,,
HIPK1,Myak,Nbak2,,,,,,,,,,,,,,,,,
HIST1H4I,H4/m,H4FM,H4M,,,,,,,,,,,,,,,,
HLF,,,,,,,,,,,,,,,,,,,
HOXA10,HOX1,HOX1.8,HOX1H,PL,,,,,,,,,,,,,,,
HOXA11,HOX1,HOX1I,,,,,,,,,,,,,,,,,
HOXA13,HOX1,HOX1J,,,,,,,,,,,,,,,,,
HOXA9,ABD-B,HOX1,HOX1.7,HOX1G,,,,,,,,,,,,,,,
HOXC11,HOX3H,,,,,,,,,,,,,,,,,,
HOXC13,ECTD9,HOX3,HOX3G,,,,,,,,,,,,,,,,
HOXD11,HOX4,HOX4F,,,,,,,,,,,,,,,,,
HOXD13,BDE,BDSD,HOX4I,SPD,,,,,,,,,,,,,,,
HSP90AA1,EL52,HSP86,HSP89A,HSP90A,HSP90N,HSPC1,HSPCA,HSPCAL1,HSPCAL4,HSPN,Hsp89,Hsp90,LAP2,,,,,,
ID4,IDB4,bHLHb27,,,,,,,,,,,,,,,,,
IL2,IL-2,TCGF,lymphokine,,,,,,,,,,,,,,,,
IL21R,CD360,NILR,,,,,,,,,,,,,,,,,
INPP5D,SHIP,SHIP-1,SHIP1,SIP-145,hp51CN,p150Ship,,,,,,,,,,,,,
IQCG,,,,,,,,,,,,,,,,,,,
IRF2BP2,,,,,,,,,,,,,,,,,,,
IRS4,IRS-4,PY160,,,,,,,,,,,,,,,,,
ITK,EMT,LPFS1,LYK,PSCTK2,,,,,,,,,,,,,,,
JAZF1,TIP27,ZNF802,,,,,,,,,,,,,,,,,
KANK1,ANKRD15,CPSQ2,KANK,,,,,,,,,,,,,,,,
KAT6A,MOZ,MYST3,RUNXBP2,ZC2HC6A,ZNF220,,,,,,,,,,,,,,
KAT6B,GTPTS,MORF,MOZ2,MYST4,ZC2HC6B,qkf,querkopf,,,,,,,,,,,,
KDM5A,RBBP-2,RBBP2,RBP2,,,,,,,,,,,,,,,,
KIAA1524,CIP2A,p90,,,,,,,,,,,,,,,,,
KPNB1,IMB1,IPO1,IPOB,Impnb,NTF97,,,,,,,,,,,,,,
KSR1,KSR,RSU2,,,,,,,,,,,,,,,,,
LASP1,Lasp-1,MLN50,,,,,,,,,,,,,,,,,
LCK,LSK,YT16,p56lck,pp58lck,,,,,,,,,,,,,,,
LCP1,CP64,HEL-S-37,L-PLASTIN,LC64P,LPL,PLS2,,,,,,,,,,,,,
LGR5,FEX,GPR49,GPR67,GRP49,HG38,,,,,,,,,,,,,,
LHFP,,,,,,,,,,,,,,,,,,,
LHX2,LH2,hLhx2,,,,,,,,,,,,,,,,,
LHX4,CPHD4,,,,,,,,,,,,,,,,,,
LINC00598,,,,,,,,,,,,,,,,,,,
LINC00982,,,,,,,,,,,,,,,,,,,
LMBRD1,C6orf209,LMBD1,MAHCF,NESI,,,,,,,,,,,,,,,
LMO2,RBTN2,RBTNL1,RHOM2,TTG2,,,,,,,,,,,,,,,
LNP1,,,,,,,,,,,,,,,,,,,
LPP,,,,,,,,,,,,,,,,,,,
LPXN,LDPL,,,,,,,,,,,,,,,,,,
LRMP,JAW1,,,,,,,,,,,,,,,,,,
LRRC37B,LRRC37,,,,,,,,,,,,,,,,,,
LTBP1,,,,,,,,,,,,,,,,,,,
MACROD1,LRP16,,,,,,,,,,,,,,,,,,
MAF,CCA4,c-MAF,,,,,,,,,,,,,,,,,
MAFB,KRML,MCTO,,,,,,,,,,,,,,,,,
MALT1,IMD12,MLT,MLT1,,,,,,,,,,,,,,,,
MAML2,MAM-3,MAM2,MAM3,MLL-MAML2,,,,,,,,,,,,,,,
MAPRE1,EB1,,,,,,,,,,,,,,,,,,
MBNL1,EXP,EXP35,EXP40,EXP42,MBNL,,,,,,,,,,,,,,
MBTD1,SA49P01,,,,,,,,,,,,,,,,,,
MDS2,,,,,,,,,,,,,,,,,,,
MEAF6,C1orf149,CENP-28,EAF6,NY-SAR-91,,,,,,,,,,,,,,,
MECOM,AML1-EVI-1,EVI1,MDS1,MDS1-EVI1,PRDM3,,,,,,,,,,,,,,
MGEA5,MEA5,NCOAT,OGA,,,,,,,,,,,,,,,,
MKL2,MRTF-B,MRTFB,NPD001,,,,,,,,,,,,,,,,
MLF1,,,,,,,,,,,,,,,,,,,
MLLT1,ENL,LTG19,YEATS1,,,,,,,,,,,,,,,,
MLLT11,AF1Q,,,,,,,,,,,,,,,,,,
MLLT4,AF6,,,,,,,,,,,,,,,,,,
MLLT6,AF17,,,,,,,,,,,,,,,,,,
MNX1,HB9,HLXB9,HOXHB9,SCRA1,,,,,,,,,,,,,,,
MSI2,MSI2H,,,,,,,,,,,,,,,,,,
MSN,HEL70,,,,,,,,,,,,,,,,,,
MUC1,ADMCKD,ADMCKD1,CA 15-3,CD227,EMA,H23AG,KL-6,MAM6,MCD,MCKD,MCKD1,MUC-1,MUC-1/SEC,MUC-1/X,MUC1/ZD,PEM,PEMT,PUM,
MYO1F,,,,,,,,,,,,,,,,,,,
NAB2,MADER,,,,,,,,,,,,,,,,,,
NAPA,SNAPA,,,,,,,,,,,,,,,,,,
NBEAP1,,,,,,,,,,,,,,,,,,,
NBR1,1A1-3B,IAI3B,M17S2,,,,,,,,,,,,,,,,
NCOA1,F-SRC-1,KAT13A,RIP160,SRC1,bHLHe42,bHLHe74,,,,,,,,,,,,,
NCOA2,GRIP1,KAT13C,NCoA-2,SRC2,TIF2,bHLHe75,,,,,,,,,,,,,
NCOA3,ACTR,AIB-1,AIB1,CAGH16,CTG26,KAT13B,RAC3,SRC-3,SRC3,TNRC14,TNRC16,TRAM-1,bHLHe42,pCIP,,,,,
NDE1,HOM-TES-87,LIS4,MHAC,NDE,NUDE,NUDE1,,,,,,,,,,,,,
NFATC2,NFAT1,NFATP,,,,,,,,,,,,,,,,,
NFIB,CTF,HMGIC/NFIB,NF-I/B,NF1-B,NFI-B,NFI-RED,NFIB2,NFIB3,,,,,,,,,,,
NGF,Beta-NGF,HSAN5,NGFB,,,,,,,,,,,,,,,,
NGFR,CD271,Gp80-LNGFR,TNFRSF16,p75(NTR),p75NTR,,,,,,,,,,,,,,
NIN,SCKL7,,,,,,,,,,,,,,,,,,
NIPBL,CDLS,CDLS1,IDN3,IDN3-B,Scc2,,,,,,,,,,,,,,
NKX2-5,CHNG5,CSX,CSX1,HLHS2,NKX2.5,NKX2E,NKX4-1,VSD3,,,,,,,,,,,
NONO,NMT55,NRB54,P54,P54NRB,,,,,,,,,,,,,,,
NR4A3,CHN,CSMF,MINOR,NOR1,TEC,,,,,,,,,,,,,,
NR6A1,CT150,GCNF,GCNF1,NR61,RTR,hGCNF,hRTR,,,,,,,,,,,,
NTF3,HDNF,NGF-2,NGF2,NT-3,NT3,,,,,,,,,,,,,,
NTF4,GLC10,GLC1O,NT-4,NT-4/5,NT-5,NT4,NT5,NTF5,,,,,,,,,,,
NUMA1,NUMA,,,,,,,,,,,,,,,,,,
NUP107,NUP84,,,,,,,,,,,,,,,,,,
NUTM2A,FAM22A,,,,,,,,,,,,,,,,,,
NUTM2B,FAM22B,bA119F19.1,,,,,,,,,,,,,,,,,
OFD1,71-7A,CXorf5,JBTS10,RP23,SGBS2,,,,,,,,,,,,,,
OLIG2,BHLHB1,OLIGO2,PRKCBP2,RACK17,bHLHe19,,,,,,,,,,,,,,
OLR1,CLEC8A,LOX1,LOXIN,SCARE1,SLOX1,,,,,,,,,,,,,,
OMD,OSAD,SLRR2C,,,,,,,,,,,,,,,,,
P2RY8,P2Y8,,,,,,,,,,,,,,,,,,
PAPPA,ASBABP2,DIPLA1,IGFBP-4ase,PAPA,PAPP-A,PAPPA1,,,,,,,,,,,,,
PATZ1,MAZR,PATZ,RIAZ,ZBTB19,ZNF278,ZSG,dJ400N23,,,,,,,,,,,,
PAX8,,,,,,,,,,,,,,,,,,,
PBX1,,,,,,,,,,,,,,,,,,,
PCM1,PTC4,,,,,,,,,,,,,,,,,,
PDE4DIP,CMYA2,MMGL,,,,,,,,,,,,,,,,,
PER1,PER,RIGUI,hPER,,,,,,,,,,,,,,,,
PHF1,MTF2L2,PCL1,PHF2,TDRD19C,hPHF1,,,,,,,,,,,,,,
PHF23,hJUNE-1b,,,,,,,,,,,,,,,,,,
PICALM,CALM,CLTH,LAP,,,,,,,,,,,,,,,,
PML,MYL,PP8675,RNF71,TRIM19,,,,,,,,,,,,,,,
POM121,P145,POM121A,,,,,,,,,,,,,,,,,
POU2AF1,BOB1,OBF-1,OBF1,OCAB,,,,,,,,,,,,,,,
POU5F1,3-Oct,4-Oct,OTF-3,OTF3,OTF4,3-Oct,4-Oct,,,,,,,,,,,,
PPAP2B,Dri42,LPP3,PAP2B,VCIP,,,,,,,,,,,,,,,
PPARGC1A,LEM6,PGC-1(alpha),PGC-1v,PGC1,PGC1A,PPARGC1,,,,,,,,,,,,,
PPFIBP1,L2,SGT2,hSGT2,hSgt2p,,,,,,,,,,,,,,,
PPP2R1B,PP2A-Abeta,PR65B,,,,,,,,,,,,,,,,,
PRCC,RCCP1,TPRC,,,,,,,,,,,,,,,,,
PRDM16,CMD1LL,LVNC8,MEL1,PFM13,,,,,,,,,,,,,,,
PRKACA,PKACA,,,,,,,,,,,,,,,,,,
PRKG2,PRKGR2,cGK2,cGKII,,,,,,,,,,,,,,,,
PRRX2,PMX2,PRX2,,,,,,,,,,,,,,,,,
PSIP1,DFS70,LEDGF,PAIP,PSIP2,p52,p75,,,,,,,,,,,,,
PSMD2,P97,RPN1,S2,TRAP2,,,,,,,,,,,,,,,
PTPRR,EC-PTP,PCPTP1,PTP-SL,PTPBR7,PTPRQ,,,,,,,,,,,,,,
PVT1,,,,,,,,,,,,,,,,,,,
RABEP1,RAB5EP,RABPT5,,,,,,,,,,,,,,,,,
RANBP2,ADANE,ANE1,IIAE3,NUP358,TRP1,TRP2,,,,,,,,,,,,,
RAP1GDS1,GDS1,SmgGDS,,,,,,,,,,,,,,,,,
RBM15,OTT,OTT1,SPEN,,,,,,,,,,,,,,,,
RBM6,3G2,DEF-3,DEF3,HLC-11,NY-LU-12,g16,,,,,,,,,,,,,
RCOR1,COREST,RCOR,,,,,,,,,,,,,,,,,
RCSD1,CAPZIP,MK2S4,,,,,,,,,,,,,,,,,
RHOH,ARHH,TTF,,,,,,,,,,,,,,,,,
RNF213,ALO17,C17orf27,KIAA1618,MYMY2,MYSTR,NET57,,,,,,,,,,,,,
RPL22,EAP,HBP15,HBP15/L22,L22,,,,,,,,,,,,,,,
RREB1,FINB,HNT,LZ321,RREB-1,Zep-1,,,,,,,,,,,,,,
RRM1,R1,RIR1,RR1,,,,,,,,,,,,,,,,
RUNX1T1,AML1T1,CBFA2T1,CDR,ETO,MTG8,ZMYND2,,,,,,,,,,,,,
SARNP,CIP29,HCC1,HSPC316,THO1,,,,,,,,,,,,,,,
SEC31A,ABP125,ABP130,HSPC334,SEC31L1,,,,,,,,,,,,,,,
SEPTIN2,DIFF6, NEDD5, SEPT2, NEDD-5, Pnutl3, hNedd5,,,,,,,,,,,,,
SEPTIN5,H5, SEPT5, CDCREL, PNUTL1, CDCREL1, CDCREL-1, HCDCREL-1,,,,,,,,,,,,
SEPTIN6, SEP2, SEPT2, SEPT6,,,,,,,,,,,,,,,,
SEPTIN9,MSF, MSF1, NAPB, SEPT9, SINT1, PNUTL4, SeptD1, AF17q25,,,,,,,,,,,
SERPINE1,PAI,PAI-1,PAI1,PLANH1,,,,,,,,,,,,,,,
SERPINF1,EPC-1,OI12,OI6,PEDF,,,,,,,,,,,,,,,
SET,2PP2A,I2PP2A,IGAAD,IPP2A2,PHAPII,TAF-I,TAF-IBETA,,,,,,,,,,,,
SFPQ,POMP100,PSF,,,,,,,,,,,,,,,,,
SH3D19,EBP,EVE1,Kryn,SH3P19,,,,,,,,,,,,,,,
SH3GL1,CNSA1,EEN,SH3D2B,SH3P8,,,,,,,,,,,,,,,
SIK3,QSK,SIK-3,,,,,,,,,,,,,,,,,
SLC34A2,NAPI-3B,NAPI-IIb,NPTIIb,,,,,,,,,,,,,,,,
SLC45A3,IPCA-2,IPCA-6,IPCA-8,IPCA6,PCANAP2,PCANAP6,PCANAP8,PRST,,,,,,,,,,,
SLCO1B3,HBLRR,LST-2,LST-3TM13,LST3,OATP-8,OATP1B3,OATP8,SLC21A8,,,,,,,,,,,
SMAP1,SMAP-1,,,,,,,,,,,,,,,,,,
SMARCA5,ISWI,SNF2H,WCRF135,hISWI,hSNF2H,,,,,,,,,,,,,,
SNHG5,,,,,,,,,,,,,,,,,,,
SORBS2,ARGBP2,PRO0618,,,,,,,,,,,,,,,,,
SORT1,Gp95,LDLCQ6,NT3,,,,,,,,,,,,,,,,
SP3,SPR2,,,,,,,,,,,,,,,,,,
SPECC1,CYTSB,HCMOGT-1,HCMOGT1,NSP,,,,,,,,,,,,,,,
SPTBN1,ELF,HEL102,SPTB2,betaSpII,,,,,,,,,,,,,,,
SQSTM1,A170,OSIL,PDB3,ZIP3,p60,p62,p62B,,,,,,,,,,,,
SRF,MCM1,,,,,,,,,,,,,,,,,,
SRSF3,SFRS3,SRp20,,,,,,,,,,,,,,,,,
SS18L1,CREST,LP2261,,,,,,,,,,,,,,,,,
SSBP2,HSPC116,SOSS-B2,,,,,,,,,,,,,,,,,
SSX1,CT5.1,SSRC,,,,,,,,,,,,,,,,,
SSX2,CT5.2,CT5.2A,HD21,HOM-MEL-40,SSX,,,,,,,,,,,,,,
SSX4,CT5.4,,,,,,,,,,,,,,,,,,
ST6GAL1,SIAT1,ST6GalI,ST6N,,,,,,,,,,,,,,,,
STAT5B,STAT5,,,,,,,,,,,,,,,,,,
STAT6,D12S1644,IL-4-STAT,STAT6B,STAT6C,,,,,,,,,,,,,,,
STRN,SG2NA,,,,,,,,,,,,,,,,,,
SUGP2,SFRS14,,,,,,,,,,,,,,,,,,
SYK,p72-Syk,,,,,,,,,,,,,,,,,,
TACC1,Ga55,,,,,,,,,,,,,,,,,,
TACC2,AZU-1,ECTACC,,,,,,,,,,,,,,,,,
TACC3,ERIC-1,ERIC1,,,,,,,,,,,,,,,,,
TAF15,Npl3,RBP56,TAF2N,TAFII68,,,,,,,,,,,,,,,
TAL2,,,,,,,,,,,,,,,,,,,
TAOK1,KFC-B,MAP3K16,MARKK,PSK-2,PSK2,TAO1,hKFC-B,hTAOK1,,,,,,,,,,,
TBX15,TBX14,,,,,,,,,,,,,,,,,,
TCF12,CRS3,HEB,HTF4,HsT17266,bHLHb20,,,,,,,,,,,,,,
TCL1A,TCL1,,,,,,,,,,,,,,,,,,
TCTA,,,,,,,,,,,,,,,,,,,
TEAD1,AA,NTEF-1,REF1,TCF-13,TCF13,TEAD-1,TEF-1,,,,,,,,,,,,
TEAD2,ETF,TEAD-2,TEF-4,TEF4,,,,,,,,,,,,,,,
TEAD3,DTEF-1,ETFR-1,TEAD-3,TEAD5,TEF-5,TEF5,,,,,,,,,,,,,
TEAD4,EFTR-2,RTEF1,TCF13L1,TEF-3,TEF3,TEFR-1,hRTEF-1B,,,,,,,,,,,,
TEC,PSCTK4,,,,,,,,,,,,,,,,,,
TENM1,ODZ1,ODZ3,TEN-M1,TNM,TNM1,,,,,,,,,,,,,,
TFG,HMSNP,SPG57,TF6,TRKT3,,,,,,,,,,,,,,,
TFPT,FB1,INO80F,amida,,,,,,,,,,,,,,,,
TGFBR3,BGCAN,betaglycan,,,,,,,,,,,,,,,,,
THADA,GITA,,,,,,,,,,,,,,,,,,
THRAP3,TRAP150,,,,,,,,,,,,,,,,,,
TIRAP,BACTS1,Mal,MyD88-2,wyatt,,,,,,,,,,,,,,,
TNFRSF17,BCM,BCMA,CD269,TNFRSF13A,,,,,,,,,,,,,,,
TOP2B,TOPIIB,top2beta,,,,,,,,,,,,,,,,,
TP53BP1,53BP1,p202,,,,,,,,,,,,,,,,,
TPM3,CAPM1,CFTD,HEL-189,HEL-S-82p,NEM1,OK/SW-cl.5,TM-5,TM3,TM30,TM30nm,TM5,TPMsk3,TRK,hscp30,,,,,
TPM4,HEL-S-108,,,,,,,,,,,,,,,,,,
TRHDE,PAP-II,PGPEP2,TRH-DE,,,,,,,,,,,,,,,,
TRIM24,PTC6,RNF82,TF1A,TIF1,TIF1A,TIF1ALPHA,hTIF1,,,,,,,,,,,,
TRIP11,ACG1A,CEV14,GMAP-210,TRIP-11,TRIP230,,,,,,,,,,,,,,
TRPS1,GC79,LGCR,,,,,,,,,,,,,,,,,
USP16,UBP-M,UBPM,,,,,,,,,,,,,,,,,
USP42,,,,,,,,,,,,,,,,,,,
VGLL3,VGL-3,VGL3,,,,,,,,,,,,,,,,,
WASF2,IMD2,SCAR2,WASF4,WAVE2,dJ393P12.2,,,,,,,,,,,,,,
WDR18,Ipi3,R32184_1,,,,,,,,,,,,,,,,,
WDR70,,,,,,,,,,,,,,,,,,,
WHSC1,MMSET,NSD2,REIIBP,TRX5,WHS,,,,,,,,,,,,,,
WHSC1L1,NSD3,pp14328,,,,,,,,,,,,,,,,,
WSB1,SWIP1,WSB-1,,,,,,,,,,,,,,,,,
WWTR1,TAZ,,,,,,,,,,,,,,,,,,
XIAP,API3,BIRC4,IAP-3,ILP1,MIHA,XLP2,hIAP-3,hIAP3,,,,,,,,,,,
YTHDF2,HGRG8,NY-REN-2,,,,,,,,,,,,,,,,,
YWHAE,14-3-3E,HEL2,KCIP-1,MDCR,MDS,,,,,,,,,,,,,,
ZBTB16,PLZF,ZNF145,,,,,,,,,,,,,,,,,
ZC3H7A,ZC3H7,ZC3HDC7,,,,,,,,,,,,,,,,,
ZC3H7B,RoXaN,,,,,,,,,,,,,,,,,,
ZFP64,ZNF338,,,,,,,,,,,,,,,,,,
ZFPM2,DIH3,FOG2,ZC2HC11B,ZNF89B,hFOG-2,,,,,,,,,,,,,,
ZFYVE19,MPFYVE,,,,,,,,,,,,,,,,,,
ZMYM2,FIM,MYM,RAMP,SCLL,ZNF198,,,,,,,,,,,,,,
ZMYND11,BRAM1,BS69,,,,,,,,,,,,,,,,,
ZNF207,BuGZ,,,,,,,,,,,,,,,,,,
ZNF384,CAGH1,CAGH1A,CIZ,ERDA2,NMP4,NP,TNRC1,,,,,,,,,,,,
ZNF444,EZF-2,EZF2,ZSCAN17,,,,,,,,,,,,,,,,
ZNF521,EHZF,Evi3,,,,,,,,,,,,,,,,,
ZNF585B,SZFP41,,,,,,,,,,,,,,,,,,
ZNF687,,,,,,,,,,,,,,,,,,,
ACSL3,ACS3,FACL3,PRO2194,,,,,,,,,,,,,,,,
ACVR2A,ACTRII,ACVR2,,,,,,,,,,,,,,,,,
AKAP9,AKAP-9,AKAP350,AKAP450,CG-NAP,HYPERION,LQT11,MU-RMS-40.16A,PPP1R45,PRKA9,YOTIAO,,,,,,,,,
ARHGEF12,LARG,PRO2792,,,,,,,,,,,,,,,,,
ARID2,BAF200,p200,,,,,,,,,,,,,,,,,
ATP1A1,,,,,,,,,,,,,,,,,,,
AXIN2,AXIL,ODCRCS,,,,,,,,,,,,,,,,,
C15orf65,,,,,,,,,,,,,,,,,,,
CACNA1D,CACH3,CACN4,CACNL1A2,CCHL1A2,Cav1.3,PASNA,SANDD,,,,,,,,,,,,
CANT1,DBQD,SCAN-1,SCAN1,SHAPY,,,,,,,,,,,,,,,
CD52,CDW52,,,,,,,,,,,,,,,,,,
CDK2,CDKN2,p33(CDK2),,,,,,,,,,,,,,,,,
CDK5,PSSALRE,,,,,,,,,,,,,,,,,,
CEP89,CCDC123,CEP123,,,,,,,,,,,,,,,,,
CHCHD7,COX23,,,,,,,,,,,,,,,,,,
CHN1,ARHGAP2,CHN,DURS2,NC,RHOGAP2,,,,,,,,,,,,,,
CLIP1,CLIP,CLIP-170,CLIP170,CYLN1,RSN,,,,,,,,,,,,,,
CNOT3,LENG2,NOT3,NOT3H,,,,,,,,,,,,,,,,
COL2A1,ANFH,AOM,COL11A3,SEDC,STL1,,,,,,,,,,,,,,
CRTC3,TORC-3,TORC3,,,,,,,,,,,,,,,,,
CTLA4,CD,CD152,CELIAC3,CTLA-4,GRD4,GSE,IDDM12,,,,,,,,,,,,
DCTN1,DAP-150,DP-150,P135,,,,,,,,,,,,,,,,
DDX5,G17P1,HLR1,HUMP68,p68,,,,,,,,,,,,,,,
DDX6,HLR2,P54,RCK,,,,,,,,,,,,,,,,
DNM2,CMT2M,CMTDI1,CMTDIB,DI-CMTB,DYN2,DYNII,LCCS5,,,,,,,,,,,,
ECT2L,ARHGEF32,C6orf91,FBXO49,LFDH,dJ509I19.2,dJ509I19.3,dJ509I19.5,,,,,,,,,,,,
EIF3E,EIF3-P48,EIF3S6,INT6,eIF3-p46,,,,,,,,,,,,,,,
FAM131B,,,,,,,,,,,,,,,,,,,
FAM46C,,,,,,,,,,,,,,,,,,,
FAS,ALPS1A,APO-1,APT1,CD95,FAS1,FASTM,TNFRSF6,,,,,,,,,,,,
FBXO11,FBX11,PRMT9,UBR6,VIT1,,,,,,,,,,,,,,,
FOXA1,HNF3A,TCF3A,,,,,,,,,,,,,,,,,
FOXO3,AF6q21,FKHRL1,FKHRL1P2,FOXO2,FOXO3A,,,,,,,,,,,,,,
FSTL3,FLRG,FSRP,,,,,,,,,,,,,,,,,
GATA6,,,,,,,,,,,,,,,,,,,
GMPS,GATD7,,,,,,,,,,,,,,,,,,
GOLGA5,GOLIM5,RFG5,ret-II,,,,,,,,,,,,,,,,
GOPC,CAL,FIG,GOPC1,PIST,dJ94G16.2,,,,,,,,,,,,,,
GPHN,GEPH,GPH,GPHRYN,HKPX1,MOCODC,,,,,,,,,,,,,,
H3F3B,H3.3B,,,,,,,,,,,,,,,,,,
HERPUD1,HERP,Mif1,SUP,,,,,,,,,,,,,,,,
HMGA1,HMG-R,HMGA1A,HMGIY,,,,,,,,,,,,,,,,
HNRNPA2B1,HNRNPA2,HNRNPB1,HNRPA2,HNRPA2B1,HNRPB1,IBMPFD2,RNPA2,SNRPB1,,,,,,,,,,,
HOOK3,HK3,,,,,,,,,,,,,,,,,,
HSP90AB1,D6S182,HSP84,HSP90B,HSPC2,HSPCB,,,,,,,,,,,,,,
IFITM2,1-8D,DSPA2c,,,,,,,,,,,,,,,,,
IL6R,CD126,IL-6R-1,IL-6RA,IL6Q,IL6RA,IL6RQ,gp80,,,,,,,,,,,,
IL6ST,CD130,CDW130,GP130,IL-6RB,,,,,,,,,,,,,,,
JUN,AP-1,AP1,c-Jun,,,,,,,,,,,,,,,,
KCNJ5,CIR,GIRK4,KATP1,KIR3.4,LQT13,,,,,,,,,,,,,,
KDSR,DHSR,FVT1,SDR35C1,,,,,,,,,,,,,,,,
KIAA1549,,,,,,,,,,,,,,,,,,,
KIAA1598,shootin-1,SHTN1,,,,,,,,,,,,,,,,,
KLF6,BCD1,CBA1,COPEB,CPBP,GBF,PAC1,ST12,ZF9,,,,,,,,,,,
KLK2,KLK2A2,hGK-1,hK2,,,,,,,,,,,,,,,,
KTN1,CG1,KNT,MU-RMS-40.19,,,,,,,,,,,,,,,,
LIFR,CD118,LIF-R,SJS2,STWS,SWS,,,,,,,,,,,,,,
LMNA,CDCD1,CDDC,CMD1A,CMT2B1,EMD2,FPL,FPLD,FPLD2,HGPS,IDC,LDP1,LFP,LGMD1B,LMN1,LMNC,LMNL1,PRO1,,
LRIG3,LIG3,,,,,,,,,,,,,,,,,,
LSM14A,C19orf13,FAM61A,RAP55,RAP55A,,,,,,,,,,,,,,,
MAP3K13,LZK,MEKK13,MLK,,,,,,,,,,,,,,,,
MTCP1,P13MTCP1,p8MTCP1,,,,,,,,,,,,,,,,,
MYO5A,GS1,MYH12,MYO5,MYR12,,,,,,,,,,,,,,,
NACA,NACA1,skNAC,,,,,,,,,,,,,,,,,
NCKIPSD,AF3P21,DIP,DIP1,ORF1,SPIN90,VIP54,WASLBP,WISH,,,,,,,,,,,
NCOA4,ARA70,ELE1,PTC3,RFG,,,,,,,,,,,,,,,
NDRG1,CAP43,CMT4D,DRG-1,DRG1,GC4,HMSNL,NDR1,NMSL,PROXY1,RIT42,RTP,TARG1,TDD5,,,,,,
NFKB2,CVID10,H2TF1,LYT-10,LYT10,NF-kB2,p105,p52,,,,,,,,,,,,
NFKBIA,IKBA,MAD-3,NFKBI,,,,,,,,,,,,,,,,
NFKBIE,IKBE,,,,,,,,,,,,,,,,,,
PAFAH1B2,HEL-S-303,,,,,,,,,,,,,,,,,,
PDCD1,CD279,PD-1,PD1,SLEB2,hPD-1,hPD-l,hSLE1,,,,,,,,,,,,
PIGF,,,,,,,,,,,,,,,,,,,
PLCG1,NCKAP3,PLC-II,PLC1,PLC148,PLCgamma1,,,,,,,,,,,,,,
POT1,HPOT1,,,,,,,,,,,,,,,,,,
PPP6C,PP6,PP6C,,,,,,,,,,,,,,,,,
PRRX1,AGOTC,PHOX1,PMX1,PRX-1,PRX1,,,,,,,,,,,,,,
PTPRB,HPTP-BETA,HPTPB,PTPB,R-PTP-BETA,VEPTP,,,,,,,,,,,,,,
PTPRC,B220,CD45,CD45R,GP180,L-CA,LCA,LY5,T200,,,,,,,,,,,
PTPRK,R-PTP-kappa,,,,,,,,,,,,,,,,,,
PWWP2A,MST101,,,,,,,,,,,,,,,,,,
RALGDS,RGDS,RGF,RalGEF,,,,,,,,,,,,,,,,
RANBP17,,,,,,,,,,,,,,,,,,,
REL,C-Rel,,,,,,,,,,,,,,,,,,
RMI2,BLAP18,C16orf75,,,,,,,,,,,,,,,,,
RSPO2,CRISTIN2,,,,,,,,,,,,,,,,,,
RSPO3,CRISTIN1,PWTSR,THSD2,,,,,,,,,,,,,,,,
SDC4,SYND4,,,,,,,,,,,,,,,,,,
SMARCD1,BAF60A,CRACD1,Rsc6p,,,,,,,,,,,,,,,,
SMARCE1,BAF57,,,,,,,,,,,,,,,,,,
SND1,TDRD11,p100,,,,,,,,,,,,,,,,,
SNX29,A-388D4.1,RUNDC2A,,,,,,,,,,,,,,,,,
SPEN,HIAA0929,MINT,RBM15C,SHARP,,,,,,,,,,,,,,,
SRGAP3,ARHGAP14,MEGAP,SRGAP2,WRP,,,,,,,,,,,,,,,
STIL,MCPH7,SIL,,,,,,,,,,,,,,,,,
TBL1XR1,C21,DC42,IRA1,TBLR1,,,,,,,,,,,,,,,
TCEA1,GTF2S,SII,TCEA,TF2S,TFIIS,,,,,,,,,,,,,,
TCF7L2,TCF-4,TCF4,,,,,,,,,,,,,,,,,
TFEB,ALPHATFEB,BHLHE35,TCFEB,,,,,,,,,,,,,,,,
TNFRSF8,CD30,D1S166E,Ki-1,,,,,,,,,,,,,,,,
TNFSF13B,BAFF,BLYS,CD257,DTL,TALL-1,TALL1,THANK,TNFSF20,ZTNF4,,,,,,,,,,
TPR,,,,,,,,,,,,,,,,,,,
TRIM27,RFP,RNF76,,,,,,,,,,,,,,,,,
TRIM33,ECTO,PTC7,RFG7,TF1G,TIF1G,TIF1GAMMA,TIFGAMMA,,,,,,,,,,,,
TRRAP,PAF350/400,PAF400,STAF40,TR-AP,Tra1,,,,,,,,,,,,,,
TTL,,,,,,,,,,,,,,,,,,,
UBR5,DD5,EDD,EDD1,HYD,,,,,,,,,,,,,,,
VEGFA,MVCD1,VEGF,VPF,,,,,,,,,,,,,,,,
VEGFB,VEGFL,VRF,,,,,,,,,,,,,,,,,
VTI1A,MMDS3,MVti1,VTI1RP2,Vti1-rp2,,,,,,,,,,,,,,,
WAS,IMD2,SCNX,THC,THC1,WASP,,,,,,,,,,,,,,
C2orf44,PP384,WDCP,,,,,,,,,,,,,,,,,
WIF1,WIF-1,,,,,,,,,,,,,,,,,,
ZCCHC8,,,,,,,,,,,,,,,,,,,
ZNF331,RITA,ZNF361,ZNF463,,,,,,,,,,,,,,,,
PIGA,GPI3,MCAHS2,PIG-A,,,,,,,,,,,,,,,,
HDAC2,HD2,RPD3,YAF1,,,,,,,,,,,,,,,,
MLH3,HNPCC7,,,,,,,,,,,,,,,,,,
MST1R,CD136,CDw136,PTK8,RON,,,,,,,,,,,,,,,
ADORA2A,A2aR,ADORA2,RDC8,,,,,,,,,,,,,,,,
ALOX12B,12R-LOX,ARCI2,,,,,,,,,,,,,,,,,
ARFRP1,ARL18,ARP,Arp1,,,,,,,,,,,,,,,,
BBC3,JFY-1,JFY1,PUMA,,,,,,,,,,,,,,,,
BCL2L2,BCL-W,BCL2-L-2,BCLW,PPP1R51,,,,,,,,,,,,,,,
BTG2,PC3,TIS21,,,,,,,,,,,,,,,,,
C11ORF30,EMSY,,,,,,,,,,,,,,,,,,
CD22,SIGLEC-2,SIGLEC2,,,,,,,,,,,,,,,,,
CD276,4Ig-B7-H3,B7-H3,B7H3,B7RP-2,,,,,,,,,,,,,,,
CD70,CD27L,CD27LG,TNFSF7,,,,,,,,,,,,,,,,
CHD2,EEOC,,,,,,,,,,,,,,,,,,
CHD4,Mi-2b,Mi2-BETA,,,,,,,,,,,,,,,,,
CSF2,GMCSF,,,,,,,,,,,,,,,,,,
CSF3,C17orf33,CSF3OS,GCSF,,,,,,,,,,,,,,,,
CTCF,MRD21,,,,,,,,,,,,,,,,,,
CUL3,CUL-3,PHA2E,,,,,,,,,,,,,,,,,
CUL4A,,,,,,,,,,,,,,,,,,,
CXCR2,CD182,CDw128b,CMKAR2,IL8R2,IL8RA,IL8RB,,,,,,,,,,,,,
CYP17A1,CPT7,CYP17,P450C17,S17AH,,,,,,,,,,,,,,,
DDR1,CAK,CD167,DDR,EDDR1,HGK2,MCK10,NEP,NTRK4,PTK3,PTK3A,RTK6,TRKE,,,,,,,
DIS3,2810028N01Rik,EXOSC11,KIAA1008,RRP44,dis3p,,,,,,,,,,,,,,
DNMT3B,ICF,ICF1,M.HsaIIIB,,,,,,,,,,,,,,,,
DOT1L,DOT1,KMT4,,,,,,,,,,,,,,,,,
EGFL7,NEU1,VE-STATIN,ZNEU1,,,,,,,,,,,,,,,,
EIF1AX,EIF1A,EIF1AP1,EIF4C,eIF-1A,eIF-4C,,,,,,,,,,,,,,
EPAS1,ECYT4,HIF2A,HLF,MOP2,PASD2,bHLHe73,,,,,,,,,,,,,
EPHA7,EHK-3,EHK3,EK11,HEK11,,,,,,,,,,,,,,,
EPHB4,HTK,MYK1,TYRO11,,,,,,,,,,,,,,,,
ERCC6,ARMD5,CKN2,COFS,COFS1,CSB,RAD26,UVSS1,,,,,,,,,,,,
ERCC8,CKN1,CSA,UVSS2,,,,,,,,,,,,,,,,
FGF12,FGF12B,FHF1,,,,,,,,,,,,,,,,,
FRS2,FRS2A,FRS2alpha,SNT,SNT-1,SNT1,,,,,,,,,,,,,,
GABRA6,,,,,,,,,,,,,,,,,,,
GID4,C17orf39,VID24,,,,,,,,,,,,,,,,,
GNA13,G13,,,,,,,,,,,,,,,,,,
GPR124,TEM5,,,,,,,,,,,,,,,,,,
GREM1,CKTSF1B1,CRAC1,DAND2,DRM,GREMLIN,HMPS,IHG-2,,,,,,,,,,,,
GRM3,GLUR3,GPRC1C,MGLUR3,mGlu3,,,,,,,,,,,,,,,
GSK3B,,,,,,,,,,,,,,,,,,,
H3F3C,H3.5,,,,,,,,,,,,,,,,,,
HDAC1,GON-10,HD1,RPD3,RPD3L1,,,,,,,,,,,,,,,
HDAC6,CPBHM,HD6,,,,,,,,,,,,,,,,,
HIST1H1C,H1.2,H1C,H1F2,H1s-1,,,,,,,,,,,,,,,
HIST1H2BD,H2B.1B,H2B/b,H2BFB,HIRIP2,dJ221C16.6,,,,,,,,,,,,,,
HSD3B1,3BETAHSD,HSD3B,HSDB3,HSDB3A,I,SDR11E1,,,,,,,,,,,,,
ICOSLG,B7-H2,B7H2,B7RP-1,B7RP1,CD275,GL50,ICOS-L,ICOSL,LICOS,,,,,,,,,,
IFNGR1,CD119,IFNGR,,,,,,,,,,,,,,,,,
IGF1,IGF-I,IGF1A,IGFI,,,,,,,,,,,,,,,,
IKBKE,IKK-E,IKK-i,IKKE,IKKI,,,,,,,,,,,,,,,
IL10,CSIF,GVHDS,IL-10,IL10A,TGIF,,,,,,,,,,,,,,
INHBA,EDF,FRP,,,,,,,,,,,,,,,,,
INPP4A,INPP4,TVAS1,,,,,,,,,,,,,,,,,
IRF2,IRF-2,,,,,,,,,,,,,,,,,,
IRS1,HIRS-1,,,,,,,,,,,,,,,,,,
IRS2,IRS-2,,,,,,,,,,,,,,,,,,
KEL,CD238,ECE3,,,,,,,,,,,,,,,,,
KLHL6,,,,,,,,,,,,,,,,,,,
LATS1,WARTS,wts,,,,,,,,,,,,,,,,,
LATS2,KPM,,,,,,,,,,,,,,,,,,
LTK,TYK1,,,,,,,,,,,,,,,,,,
LZTR1,BTBD29,LZTR-1,SWNTS2,,,,,,,,,,,,,,,,
MAGI2,ACVRIP1,AIP-1,AIP1,ARIP1,MAGI-2,SSCAM,,,,,,,,,,,,,
MDC1,NFBD1,,,,,,,,,,,,,,,,,,
MEF2B,RSRFR2,,,,,,,,,,,,,,,,,,
MERTK,MER,RP38,c-mer,,,,,,,,,,,,,,,,
MKNK1,MNK1,,,,,,,,,,,,,,,,,,
NKX3-1,BAPX2,NKX3,NKX3.1,NKX3A,,,,,,,,,,,,,,,
NUP93,NIC96,,,,,,,,,,,,,,,,,,
PAK3,CDKN1A,MRX30,MRX47,OPHN3,PAK3beta,bPAK,hPAK3,,,,,,,,,,,,
PAK7,PAK5,,,,,,,,,,,,,,,,,,
PARK2,AR-JP,LPRS2,PDJ,PRKN,,,,,,,,,,,,,,,
PARP2,ADPRT2,ADPRTL2,ADPRTL3,ARTD2,PARP-2,pADPRT-2,,,,,,,,,,,,,
PARP3,ADPRT3,ADPRTL2,ADPRTL3,ARTD3,IRT1,PADPRT-3,,,,,,,,,,,,,
PDPK1,PDK1,PDPK2,PRO0461,,,,,,,,,,,,,,,,
PIK3C2G,PI3K-C2-gamma,PI3K-C2GAMMA,,,,,,,,,,,,,,,,,
PIK3C3,VPS34,hVps34,,,,,,,,,,,,,,,,,
PIK3R3,p55,p55-GAMMA,,,,,,,,,,,,,,,,,
PLCG2,APLAID,FCAS3,PLC-IV,PLC-gamma-2,,,,,,,,,,,,,,,
PLK2,SNK,hPlk2,hSNK,,,,,,,,,,,,,,,,
PMAIP1,APR,NOXA,,,,,,,,,,,,,,,,,
PNRC1,B4-2,PNAS-145,PROL2,PRR2,,,,,,,,,,,,,,,
POLH,RAD30,RAD30A,XP-V,XPV,,,,,,,,,,,,,,,
PREX2,6230420N16Rik,DEP.2,DEPDC2,P-REX2,,,,,,,,,,,,,,,
PRKCI,DXS1179E,PKCI,nPKC-iota,,,,,,,,,,,,,,,,
PRKDC,DNA-PKcs,DNAPK,DNPK1,HYRC,HYRC1,XRCC7,p350,,,,,,,,,,,,
PRSS1,TRP1,TRY1,TRY4,TRYP1,,,,,,,,,,,,,,,
PRSS8,CAP1,PROSTASIN,,,,,,,,,,,,,,,,,
PTK2,FADK,FAK,FAK1,FRNK,PPP1R71,p125FAK,pp125FAK,,,,,,,,,,,,
PTPRD,HPTP,HPTPD,HPTPDELTA,PTPD,RPTPDELTA,,,,,,,,,,,,,,
PTPRO,GLEPP1,NPHS6,PTP-OC,PTP-U2,PTPROT,PTPU2,R-PTP-O,,,,,,,,,,,,
PTPRS,PTPSIGMA,,,,,,,,,,,,,,,,,,
PTPRT,RPTPrho,,,,,,,,,,,,,,,,,,
QKI,Hqk,QK,QK1,QK3,hqkI,,,,,,,,,,,,,,
RAD52,,,,,,,,,,,,,,,,,,,
RBM10,DXS8237E,GPATC9,GPATCH9,S1-1,TARPS,ZRANB5,,,,,,,,,,,,,
RFWD2,COP1,RNF200,,,,,,,,,,,,,,,,,
RPA1,HSSB,MST075,REPA1,RF-A,RP-A,RPA70,,,,,,,,,,,,,
RPS6KA4,MSK2,RSK-B,,,,,,,,,,,,,,,,,
RPS6KB2,KLS,P70-beta,P70-beta-1,P70-beta-2,S6K-beta2,S6K2,SRK,STK14B,p70(S6K)-beta,p70S6Kb,,,,,,,,,
RYBP,AAP1,DEDAF,YEAF1,,,,,,,,,,,,,,,,
SDHA,CMD1GG,FP,PGL5,SDH1,SDH2,SDHF,,,,,,,,,,,,,
SGK1,SGK,,,,,,,,,,,,,,,,,,
SH2D1A,DSHP,EBVS,IMD5,LYP,MTCP1,SAP,SAP/SH2D1A,XLP,XLPD,XLPD1,,,,,,,,,
SHQ1,Shq1p,,,,,,,,,,,,,,,,,,
SLIT2,SLIL3,Slit-2,,,,,,,,,,,,,,,,,
SNCAIP,SYPH1,Sph1,,,,,,,,,,,,,,,,,
SOX10,DOM,PCWH,WS2E,WS4,WS4C,,,,,,,,,,,,,,
SOX17,VUR3,,,,,,,,,,,,,,,,,,
SPTA1,EL2,HPP,HS3,SPH3,SPTA,,,,,,,,,,,,,,
STAT4,SLEB11,,,,,,,,,,,,,,,,,,
STK40,SHIK,SgK495,,,,,,,,,,,,,,,,,
TAF1,BA2R,CCG1,CCGS,DYT3,DYT3/TAF1,KAT4,N-TAF1,NSCL2,OF,P250,TAF(II)250,TAF2A,TAFII-250,TAFII250,XDP,,,,
TERC,#N/A,,,,,,,,,,,,,,,,,,
TGFBR1,AAT5,ACVRLK4,ALK-5,ALK5,ESS1,LDS1,LDS1A,LDS2A,MSSE,SKR4,TGFR-1,,,,,,,,
TIPARP,ARTD14,PARP7,pART14,,,,,,,,,,,,,,,,
TLR4,ARMD10,CD284,TLR-4,TOLL,,,,,,,,,,,,,,,
TLR7,TLR7-like,,,,,,,,,,,,,,,,,,
TLR8,CD288,,,,,,,,,,,,,,,,,,
TLR9,CD289,,,,,,,,,,,,,,,,,,
TYRO3,BYK,Dtk,RSE,Sky,Tif,,,,,,,,,,,,,,
VTCN1,B7-H4,B7H4,B7S1,B7X,B7h.5,PRO1291,VCTN1,,,,,,,,,,,,
WEE1,WEE1A,WEE1hu,,,,,,,,,,,,,,,,,
WISP3,CCN6,LIBC,PPAC,PPD,,,,,,,,,,,,,,,
XRCC3,CMM6,,,,,,,,,,,,,,,,,,
YES1,HsT441,P61-YES,Yes,c-yes,,,,,,,,,,,,,,,
ZBTB2,ZNF437,,,,,,,,,,,,,,,,,,
ZNF703,ZEPPO1,ZNF503L,ZPO1,,,,,,,,,,,,,,,,
ANKRD11,ANCO-1,ANCO1,LZ16,T13,,,,,,,,,,,,,,,
ANKRD26,THC2,bA145E8.1,,,,,,,,,,,,,,,,,
CENPA,CENP-A,CenH3,,,,,,,,,,,,,,,,,
CSNK1A1,CK1,CK1a,CKIa,HEL-S-77p,HLCDGP1,PRO2975,,,,,,,,,,,,,
DHX15,DBP1,DDX15,HRH2,PRP43,PRPF43,PrPp43p,,,,,,,,,,,,,
EIF4E,AUTS19,CBP,EIF4E1,EIF4EL1,EIF4F,,,,,,,,,,,,,,
FAM123B,,,,,,,,,,,,,,,,,,,
FYN,SLK,SYN,p59-FYN,,,,,,,,,,,,,,,,
GPS2,AMF-1,,,,,,,,,,,,,,,,,,
HIST1H3A,H3/A,H3FA,,,,,,,,,,,,,,,,,
HIST1H3C,H3.1,H3/c,H3FC,,,,,,,,,,,,,,,,
HIST1H3D,H3/b,H3FB,,,,,,,,,,,,,,,,,
HIST1H3E,H3.1,H3/d,H3FD,,,,,,,,,,,,,,,,
HIST1H3F,H3/i,H3FI,,,,,,,,,,,,,,,,,
HIST1H3G,H3/h,H3FH,,,,,,,,,,,,,,,,,
HIST1H3H,H3/k,H3F1K,H3FK,,,,,,,,,,,,,,,,
HIST1H3I,H3.f,H3/f,H3FF,,,,,,,,,,,,,,,,
HIST1H3J,H3/j,H3FJ,,,,,,,,,,,,,,,,,
HIST2H3A,H3/n,H3/o,,,,,,,,,,,,,,,,,
HIST2H3C,H3,H3.2,H3/M,H3F2,H3FM,H3FN,,,,,,,,,,,,,
HIST2H3D,,,,,,,,,,,,,,,,,,,
HIST3H3,H3.4,H3/g,H3FT,H3t,,,,,,,,,,,,,,,
HLA-A,HLAA,,,,,,,,,,,,,,,,,,
HOXB13,PSGD,,,,,,,,,,,,,,,,,,
INHA,,,,,,,,,,,,,,,,,,,
KMT2B,HRX2,MLL1B,MLL2,MLL4,TRX2,WBP-7,WBP7,,,,,,,,,,,,
MAP3K14,FTDCR1B,HS,HSNIK,NIK,,,,,,,,,,,,,,,
MAP3K4,MAPKKK4,MEKK4,MTK1,PRO0412,,,,,,,,,,,,,,,
MAPK3,ERK-1,ERK1,ERT2,HS44KDAP,HUMKER1A,P44ERK1,P44MAPK,PRKM3,p44-ERK1,p44-MAPK,,,,,,,,,
MGA,MAD5,MXD5,,,,,,,,,,,,,,,,,
MST1,D3F15S2,DNF15S2,HGFL,MSP,NF15S2,,,,,,,,,,,,,,
NEGR1,DMML2433,IGLON4,KILON,Ntra,,,,,,,,,,,,,,,
RAB35,H-ray,RAB1C,RAY,,,,,,,,,,,,,,,,
STAG1,SA1,SCC3A,,,,,,,,,,,,,,,,,
STAT5A,MGF,STAT5,,,,,,,,,,,,,,,,,
TCEB1,SIII,eloC,,,,,,,,,,,,,,,,,
TRAF2,MGC:45012,TRAP,TRAP3,,,,,,,,,,,,,,,,
ZBTB7A,FBI-1,FBI1,LRF,ZBTB7,ZNF857A,pokemon,,,,,,,,,,,,,
ZFHX3,ATBF1,ATBT,ZNF927,,,,,,,,,,,,,,,,
CSMD3,,,,,,,,,,,,,,,,,,,
HIF1A,HIF-1A,HIF-1alpha,HIF1,HIF1-ALPHA,MOP1,PASD8,bHLHe78,,,,,,,,,,,,
DCC,CRC18,CRCR1,IGDCC1,MRMV1,,,,,,,,,,,,,,,
